,ERD,Cuenta pública,Sitio web
Arica y Parinacota,Sustantiva,Sin mención,Sin mención
Tarapacá,Sin mención,Sin mención,Retórica
Antofagasta,Sin mención,Retórica,Retórica
Atacama,Retórica,Sin mención,Retórica
Coquimbo,Sustantiva,Sin mención,Retórica
Valparaíso,Sustantiva,Sin mención,Retórica
Metropolitana,Sustantiva,Sin mención,Retórica
O'Higgins,Sin mención,Sin mención,Sin mención
Maule,Sustantiva,Sin mención,Retórica
Biobío,Sin mención,No disponible,Retórica
La Araucanía,Sustantiva,Sin mención,Sustantiva
Los Ríos,Retórica,Sin mención,Retórica
Los Lagos,Retórica,No disponible,Sin mención
Aysén,Sin mención,Sin mención,Retórica
Magallanes,Sustantiva,Sin mención,Retórica
Ñuble,Sin mención,Sin mención,Sustantiva
