Indicador,Valor
CPLT promedio 2024 / 2025 / 2026 (%),76.6 / 76.1 / 92.3
Friedman CPLT,χ²(2) = 13.5; p = 0.001; W = 0.42
Índice medio del Portal (2026-1),86.7 % (DE 6.4); EX = 0: 78.3 %
Índice Portal vs CPLT 2026,ρ = -0.03 (IC -0.47 a 0.45); Wilcoxon p = 0.039; κ ≥ 90 % = -0.01
Bland-Altman,sesgo -5.6 p.p.; límites -29.7 a 18.5
GORE con mención ODS en su sitio web,13 de 16 (81 %; IC 95 %: 57–93 %)
Menciones web retóricas,24 de 32 (75 %; IC 95 %: 58–87 %)
ERD que mencionan los ODS (nivel ≥ 1),10 de 16 (62 %; IC 95 %: 39–82 %)
ERD con vínculo sustantivo (nivel ≥ 2),7 de 16 (44 %; IC 95 %: 23–67 %)
ERD operacionalizadas (nivel 3),1 de 16 (6 %; IC 95 %: 1–28 %)
Cuentas públicas con vínculo sustantivo,0 de 14 (0 %; IC 95 %: 0–22 %)
Cuentas públicas con alguna mención,1 de 14 (7 %; IC 95 %: 1–31 %)
ERD que vinculan el ODS 16,5 de 16 (31 %; IC 95 %: 14–56 %)
Nivel ERD vs CPLT 2026,ρ = -0.13; p = 0.62
κ Tipo de mención (Retórica/Sustantiva),0.87 (n = 48; acuerdo 94 %)
Conteos web repetidos coincidentes (±1),18 de 20
Correlación mínima detectable (n = 16),|ρ| ≈ 0.65
