codigo,gore,motor,termino,resultados_buscador,con_termino_verificado,fecha_utc
AB077,Antofagasta,prontus,ODS,0,0,2026-09-29T20:31:30Z
AB077,Antofagasta,prontus,Objetivos de Desarrollo Sostenible,0,0,2026-09-29T20:31:32Z
AB077,Antofagasta,prontus,Objetivo de Desarrollo Sostenible,0,0,2026-09-29T20:31:34Z
AB077,Antofagasta,prontus,Agenda 2030,0,0,2026-09-29T20:31:36Z
AB077,Antofagasta,prontus,ODS 16,0,0,2026-09-29T20:31:38Z
AB077,Antofagasta,prontus,(mapa del sitio),1485,0,2026-09-29T21:20:31Z
AB079,Coquimbo,prontus,ODS,19,0,2026-09-29T21:21:11Z
AB079,Coquimbo,prontus,Objetivos de Desarrollo Sostenible,19,0,2026-09-29T21:21:15Z
AB079,Coquimbo,prontus,Objetivo de Desarrollo Sostenible,19,0,2026-09-29T21:21:20Z
AB079,Coquimbo,prontus,Agenda 2030,19,0,2026-09-29T21:21:23Z
AB079,Coquimbo,prontus,ODS 16,19,0,2026-09-29T21:21:27Z
AB079,Coquimbo,prontus,(mapa del sitio),3,0,2026-09-29T21:28:29Z
AB084,Biobío,wordpress,ODS,1,0,2026-09-29T21:28:37Z
AB084,Biobío,wordpress,Objetivos de Desarrollo Sostenible,5,0,2026-09-29T21:28:49Z
AB084,Biobío,wordpress,Objetivo de Desarrollo Sostenible,21,0,2026-09-29T21:29:36Z
AB084,Biobío,wordpress,Agenda 2030,3,0,2026-09-29T21:29:45Z
AB084,Biobío,wordpress,ODS 16,0,0,2026-09-29T21:29:51Z
AB084,Biobío,wordpress,(mapa del sitio),1889,0,2026-09-29T22:43:15Z
AB085,La Araucanía,araucania,ODS,0,0,2026-09-29T22:43:28Z
AB085,La Araucanía,araucania,Objetivos de Desarrollo Sostenible,0,0,2026-09-29T22:43:41Z
AB085,La Araucanía,araucania,Objetivo de Desarrollo Sostenible,0,0,2026-09-29T22:43:53Z
AB085,La Araucanía,araucania,Agenda 2030,0,0,2026-09-29T22:44:05Z
AB085,La Araucanía,araucania,ODS 16,0,0,2026-09-29T22:44:18Z
AB085,La Araucanía,araucania,(mapa del sitio),0,0,2026-09-29T22:45:48Z
AB098,Ñuble,wordpress,ODS,13,3,2026-09-29T22:46:18Z
AB098,Ñuble,wordpress,Objetivos de Desarrollo Sostenible,19,3,2026-09-29T22:46:44Z
AB098,Ñuble,wordpress,Objetivo de Desarrollo Sostenible,49,3,2026-09-29T22:47:57Z
AB098,Ñuble,wordpress,Agenda 2030,11,0,2026-09-29T22:48:06Z
AB098,Ñuble,wordpress,ODS 16,9,0,2026-09-29T22:48:10Z
AB098,Ñuble,wordpress,(mapa del sitio),1553,6,2026-09-29T23:09:11Z
