codigo,gore,fuente,url,titulo,fecha,n_ODS,n_Objetivos de Desarrollo Sostenible,n_Agenda 2030,n_ODS 16,ods_nombrados,contexto,revisado_utc
AB076,Tarapacá,Sitio web,https://www.goretarapaca.gov.cl/injuv-te-invita-a-participar-del-programa-de-voluntariado-internacional-de-la-alianza-del-pacifico/,INJUV te invita a participar del programa de voluntariado internacional de la Alianza del Pacífico | Gobierno Regional de Tarapacá,2017-05-01,1,0,0,0,,"[ODS] …n Internacional – APCI trabajarán en conjunto para la implementación del proyecto “Humanizando los Espacios, Intervención educativa para la promoción del buen trato en los espacios públicos”, que en concordancia con los ODS n°11 busca lograr el desarrollo de ciudades como lugares inclusivos, seguros, resilientes y sostenibles, las actividades están contempladas entre los días 02 y 19 de julio del año 2017.…",2026-09-29T18:29:59Z
AB078,Atacama,Sitio web,https://goreatacama.gob.cl/repositorio-de-genero-estadisticas-de-genero/,Estadísticas de Género - Gobierno Regional de Atacama,,1,1,0,0,,[ODS] … basa en los Indicadores de la Subcomisión de Estadísticas de Género del sitio web de estadísticas de género y señala también aquellos indicadores que pertenecen al seguimiento de los Objetivos de Desarrollo Sostenible (ODS). Ministerio de la Mujer y Equidad de Género https://minmujeryeg.gob.cl/?page_id=1359 Descripción: Expone información relativa a la violencia contra las mujeres. Entrega una serie de preguntas y respuestas. Indica servi… | [Objetivos de Desarrollo Sostenible] …ación presentada en la plataforma se basa en los Indicadores de la Subcomisión de Estadísticas de Género del sitio web de estadísticas de género y señala también aquellos indicadores que pertenecen al seguimiento de los Objetivos de Desarrollo Sostenible (ODS). Ministerio de la Mujer y Equidad de Género https://minmujeryeg.gob.cl/?page_id=1359 Descripción: Expone información relativa a la violencia contra las mujeres. Entrega una serie de preguntas y respuestas. Indica …,2026-09-29T18:34:59Z
AB078,Atacama,Sitio web,https://goreatacama.gob.cl/2019/08/27/balance-positivo-del-primer-festival-urbano-de-sostenibilidad-innovacion-y-territorio/,"Balance positivo del primer Festival Urbano de sostenibilidad, innovación y territorio - Gobierno Regional de Atacama",,1,1,0,0,11,"[ODS] …r de Río +B, se refirió a cómo ciudades más B y la colaboración entre las empresas, gobiernos, universidades y sociedad civil organizada -como las alianzas formadas en este festival-, confluyen directamente a lograr los ODS. Este primer Festival Urbano de Sostenibilidad, Innovación y Territorio; Espacio Activo, se llevó a cabo gracias a una importante alianza entre Corfo, Minvu y Gedes, quienes, con objetivos y visiones comunes sobre la in… | [Objetivos de Desarrollo Sostenible] …os, académicos y el público general, quienes asistieron a este evento totalmente gratuito. En este sentido, y con una mirada de desarrollo urbano inclusivo, moderno, seguro, resiliente y sostenible, basados en el ODS11 (Objetivos del Desarrollo Sostenible), sobre ciudades y comunidades más sostenibles, es que se propuso abordar el centro de la ciudad de Copiapó para conglomerar una serie de intervenciones urbanas que permitieran interactuar con la sociedad, y hacer de es…",2026-09-29T18:35:12Z
AB080,Valparaíso,Sitio web,https://www.gobiernovalparaiso.cl/detalleNoticia.php?idNot=MjY3,Gobernador Rodrigo Mundaca se reúne con Secretario General de Naciones Unidas ad portas de conferencia mundial sobre agua,,1,1,0,0,,"[ODS] …además de un representante de Rotterdam, Holanda, enfatizaron lo esencial que es avanzar en reconocer el agua como un derecho humano, resaltando su importancia para el cumplimiento del Objetivo de Desarrollo Sostenible (ODS) 6 : Agua y Saneamiento, el cual fue formulado por el Grupo de Trabajo Abierto de las Naciones Unidas, y que plantea la misión de ""Garantizar la disponibilidad y la gestión sostenible del agua y el saneamiento para todo… | [Objetivos de Desarrollo Sostenible] …paraíso , Chile , Rodrigo Mundaca, además de un representante de Rotterdam, Holanda, enfatizaron lo esencial que es avanzar en reconocer el agua como un derecho humano, resaltando su importancia para el cumplimiento del Objetivo de Desarrollo Sostenible (ODS) 6 : Agua y Saneamiento, el cual fue formulado por el Grupo de Trabajo Abierto de las Naciones Unidas, y que plantea la misión de ""Garantizar la disponibilidad y la gestión sostenible del agua y el saneamiento para…",2026-09-29T18:44:24Z
AB080,Valparaíso,Sitio web,https://www.gobiernovalparaiso.cl/detalleNoticia.php?idNot=MzI1,"Gobernador Rodrigo Mundaca participa en IV Foro Mundial ""Ciudades y Territorios de paz"" en Bogotá",,0,4,0,0,,"[Objetivos de Desarrollo Sostenible] …DH) en Colombia, en donde se trataron temas como la necesidad de cooperación internacional para atender la mitigación y la adaptación al cambio climático, y la experiencia de los gobiernos subnacionales para atender los objetivos del desarrollo sostenible vinculados a la justicia ambiental. El Gobernador Regional, Rodrigo Mundaca , señaló respecto a su visita que ""Nos tocó participar en un foro que tenía que ver -básicamente- con ciudad y territorios de paz, donde hablam… | [Objetivos de Desarrollo Sostenible] …s a la justicia ambiental. El Gobernador Regional, Rodrigo Mundaca , señaló respecto a su visita que ""Nos tocó participar en un foro que tenía que ver -básicamente- con ciudad y territorios de paz, donde hablamos de los objetivos del desarrollo sostenible, cómo hoy día se están cumpliendo estos objetivos del desarrollo sostenible en el ámbito de la construcción de sociedades más justas, de sociedades pacíficas, donde reine la paz, donde reine la inclusión. Ahí estuvimos … | [Objetivos de Desarrollo Sostenible] …respecto a su visita que ""Nos tocó participar en un foro que tenía que ver -básicamente- con ciudad y territorios de paz, donde hablamos de los objetivos del desarrollo sostenible, cómo hoy día se están cumpliendo estos objetivos del desarrollo sostenible en el ámbito de la construcción de sociedades más justas, de sociedades pacíficas, donde reine la paz, donde reine la inclusión. Ahí estuvimos compartiendo el espacio, pero también la conclusión es que hoy los objetivos…",2026-09-29T18:46:10Z
AB080,Valparaíso,Sitio web,https://www.gobiernovalparaiso.cl/detalleNoticia.php?idNot=MzQy,Gobernador Rodrigo Mundaca visita sitios patrimoniales y se reúne con la comunidad de Rapa Nui,,0,1,0,0,,"[Objetivos de Desarrollo Sostenible] … una reunión con el alcalde, con quien estuvimos escuchando y hablando sobre las necesidades de la Isla en materia de saneamiento, en materia sanitaria, en materia de energización, en materia de proyectos, en materia de objetivos de desarrollo sostenible(...) y ahora acabamos de cumplir una reunión muy interesante y muy extensa con todos los servicios públicos que trabajan acá en el territorio, donde pudimos intercambiar sobre necesidades en el ámbito de la reforestació…",2026-09-29T18:46:40Z
AB080,Valparaíso,Sitio web,https://www.gobiernovalparaiso.cl/detalleNoticia.php?idNot=MzQ5,"Gobernador Rodrigo Mundaca asume presidencia interina del Comité de Gestión Reserva de la Biósfera La Campana "" Peñuelas",,0,1,0,0,,"[Objetivos de Desarrollo Sostenible] …venidero, toda vez que se ésta se está llevando a cabo de manera participativa, dando pie para continuar esta labor de forma inclusiva junto a los territorios, con una impronta desde la mirada de la sostenibilidad y los objetivos de desarrollo sostenible. La alcaldesa de Quilpué, Valeria Melipillán , añadió sobre la reactivación del comité que ""Como municipio abierto de Quilpué tenemos un compromiso con la sostenibilidad y con nuestra Reserva de la Biósfera Campana Peñu…",2026-09-29T18:46:54Z
AB080,Valparaíso,Sitio web,https://www.gobiernovalparaiso.cl/detalleNoticia.php?idNot=NTk0,Finaliza agenda de trabajo de la delegación chilena en la ONU relacionada con la postulación de Valparaíso como sede del BBNJ,,0,0,1,0,,"[Agenda 2030] …ales para facilitar debates en profundidad, como también compartir opiniones y preocupaciones, así como impulsar acciones y recomendaciones para transformar el mundo más justo, más verde y más sostenible liderado por la agenda 2030. Respeto a esta actividad, el Gobernador Regional de Valparaíso indicó “también hemos tenido la posibilidad de hablarle a los representantes de las juventudes planetarias, que hoy día están movilizados en la defensa de …",2026-09-29T18:54:21Z
AB080,Valparaíso,Sitio web,https://www.gobiernovalparaiso.cl/detalleNoticia.php?idNot=NjE4,Gobernador Rodrigo Mundaca participa de la conformación de la Alianza Global de Ciudades y Gobiernos Regionales Costeros en  Niza,,0,1,0,0,14,"[Objetivos de Desarrollo Sostenible] …a Campana-Peñuelas. Asimismo, la máxima autoridad tendrá una intervención en la sesión plenaria del 13 de junio, representando a todas las ciudades y gobiernos regionales del mundo, donde se evaluará el cumplimiento del Objetivo de Desarrollo Sostenible N°14: Vida Submarina. En este sentido, la máxima autoridad regional recalcó que “Se ha iniciado la 3° Conferencia de Naciones Unidas sobre Océano. Tuvimos la posibilidad de estar en la apertura, escuchamos la intervenci…",2026-09-29T18:55:06Z
AB080,Valparaíso,Sitio web,https://www.gobiernovalparaiso.cl/detalleNoticia.php?idNot=NjE5,Gobernador Regional de Valparaíso expuso sobre fortalecimiento de la gobernanza multinivel para acción sostenible en el océano,,0,1,0,0,14,"[Objetivos de Desarrollo Sostenible] …co, la protección marina y el océano. En representación de la delegación chilena en Niza, el Gobernador Regional de Valparaíso, Rodrigo Mundaca expuso en las discusiones de la UNOC3 y del Side Event sobre evaluación del Objetivo de Desarrollo Sostenible N°14 (ODS14) sobre fortalecimiento de la gobernanza multinivel para acción sostenible en el océano. Su intervención se denominó: Liderazgo subnacional y la valentía política para promover la protección marina y la justi…",2026-09-29T18:55:08Z
AB080,Valparaíso,Sitio web,https://www.gobiernovalparaiso.cl/detalleNoticia.php?idNot=NjIw,Gobernador Regional de Valparaíso concluye su participación junto a la delegación chilena en la Conferencia Mundial del Océano en Francia,,0,1,0,0,14,"[Objetivos de Desarrollo Sostenible] …sobre la Conservación y Uso Sostenible de la Biodiversidad Marina más allá de las Jurisdicciones Nacionales (BBNJ) . De esta manera, la máxima autoridad regional tuvo la posibilidad de exponer en el foro “Evaluación del Objetivo de Desarrollo Sostenible N°14 (ODS14)” de este encuentro internacional, instancia en donde destacó el rol fundamental de los estados a nivel global en la generación de políticas públicas que permitan un resguardo efectivo del océano y su biodiv…",2026-09-29T18:55:10Z
AB080,Valparaíso,Sitio web,https://www.gobiernovalparaiso.cl/detalleNoticia.php?idNot=Njk5,Gobierno Regional de Valparaíso y Cámara Chilena de la Construcción impulsan Consejo Regional de Sostenibilidad e Innovación para la Construcción (CORSIC),,1,1,0,0,,"[ODS] … distintas áreas temáticas y estratégicas con mecanismos de toma de decisiones conjuntas. Con la creación del CORSIC, el Gobierno Regional de Valparaíso reafirma su compromiso con los Objetivos de Desarrollo Sostenible (ODS) y con el fortalecimiento de una infraestructura territorial más resiliente, innovadora y respetuosa con el entorno , posicionando a la región como referente nacional en sostenibilidad constructiva.… | [Objetivos de Desarrollo Sostenible] …as interconectadas, para abordar las distintas áreas temáticas y estratégicas con mecanismos de toma de decisiones conjuntas. Con la creación del CORSIC, el Gobierno Regional de Valparaíso reafirma su compromiso con los Objetivos de Desarrollo Sostenible (ODS) y con el fortalecimiento de una infraestructura territorial más resiliente, innovadora y respetuosa con el entorno , posicionando a la región como referente nacional en sostenibilidad constructiva.…",2026-09-29T18:57:30Z
AB080,Valparaíso,Sitio web,https://www.gobiernovalparaiso.cl/detalleNoticia.php?idNot=NzAz,Gobierno Regional aprueba Plan Estratégico para la Gestión Integral de Residuos Sólidos Domiciliarios y Asimilables de la Región de Valparaíso,,0,0,1,0,,"[Agenda 2030] …centros de transferencia en distintas provincias y avanzar en la localización de un Centro de Tratamiento Integral de Residuos Sólidos. El PER, elaborado en coherencia con políticas nacionales e internacionales, como la Agenda 2030 de Naciones Unidas y la reciente aprobación de la Estrategia Regional de Desarrollo (ERD) 2025-2035, se proyecta como el principal instrumento de la región para alcanzar una gestión integral de residuos sólidos, orienta…",2026-09-29T18:57:39Z
AB081,Metropolitana,Sitio web,https://www.gobiernosantiago.cl/2022/08/17/gobernador-claudio-orrego-apela-a-la-conciencia-ciudadana-y-a-una-mejor-gobernanza-para-combatir-la-crisis-hidrica-en-la-rm/,Gobernador Claudio Orrego apela a la conciencia ciudadana y a una mejor gobernanza para combatir la crisis hídrica en la RM - Gobierno de Santiago,2022-08-17,2,2,1,0,17,"[ODS] …n Conversatorio en la Universidad del Desarrollo, UDD, para visibilizar los efectos de la escasez hídrica y sus implicancias en la Región Metropolitana, tomando como base alcanzar los Objetivos de Desarrollo Sostenible, ODS, planteados por la ONU para el año 2030. El encuentro contó con la participación de la directora de Pacto Global ONU Chile, Margarita Ducci; la gerenta general del Fondo de Agua Santiago-Maipo, Claudia Papic; el directo… | [ODS] …ible, la superación de la pobreza y las desigualdades. Durante los próximos meses, con el Fondo del Agua y en alianza con la Universidad del Desarrollo, revisaremos cada uno de los 17 Objetivos de Desarrollo Sostenible, ODS, que impulsa la ONU. La relevancia del agua es clave para cumplir cada uno de estos objetivos, pues no podemos, por ejemplo, tener mejoras en la educación si no hay agua en un colegio, o hacer una ciudad más sustentable… | [Objetivos de Desarrollo Sostenible] …audio Orrego, encabezó esta mañana un Conversatorio en la Universidad del Desarrollo, UDD, para visibilizar los efectos de la escasez hídrica y sus implicancias en la Región Metropolitana, tomando como base alcanzar los Objetivos de Desarrollo Sostenible, ODS, planteados por la ONU para el año 2030. El encuentro contó con la participación de la directora de Pacto Global ONU Chile, Margarita Ducci; la gerenta general del Fondo de Agua Santiago-Maipo, Claudia Papic; el di…",2026-09-29T19:05:41Z
AB081,Metropolitana,Sitio web,https://www.gobiernosantiago.cl/2026/09/11/gobierno-de-santiago-convoca-a-expertos-nacionales-e-internacionales-para-fortalecer-la-proyeccion-global-de-la-region-metropolitana/,Gobierno de Santiago convoca a expertos nacionales e internacionales para fortalecer la proyección global de la Región Metropolitana  - Gobierno de Santiago,2026-09-11,0,1,0,0,,"[Objetivos de Desarrollo Sostenible] …ento internacional basada en tres o cuatro áreas y enfocarse a fondo en ellas para obtener resultados concretos. Una oportunidad es que Santiago se sume a las ciudades que presentan sus avances en el cumplimiento de los Objetivos de Desarrollo Sostenible ante Naciones Unidas, porque mucho de lo que está haciendo el Gobierno de Santiago aborda varios de estos objetivos simultáneamente”. Desde UNESCO, Esther Kuisch Laroche, directora de la Oficina Regional de la UNESCO en…",2026-09-29T19:04:48Z
AB081,Metropolitana,Sitio web,https://www.gobiernosantiago.cl/2024/09/24/gobierno-de-santiago-y-uss-celebran-el-primer-encuentro-regional-de-servicios-sanitarios-rurales/,Gobierno de Santiago y USS celebran el Primer Encuentro Regional de Servicios Sanitarios Rurales - Gobierno de Santiago,2024-09-24,0,1,0,0,6,"[Objetivos de Desarrollo Sostenible] … de la Facultad de Ingeniería, Arquitectura y Diseño USS, Drago Vodanovic. Brecha de acceso al agua urbana y rural Gracias a los fondos concursables del Gobierno de Santiago, se ha logrado avanzar en el cumplimiento del Objetivo de Desarrollo Sostenible 6 de la ONU: garantizar la disponibilidad de agua, su gestión sostenible y el saneamiento para todos. Uno de los principales desafíos para alcanzar esta meta es la brecha existente entre las áreas urbanas y rurales. “Ch…",2026-09-29T19:04:48Z
AB083,Maule,Sitio web,https://erd.goremaule.cl/,Estrategia Regional de DESARROLLO MAULE 2022-2042,,2,2,0,0,,"[ODS] …r la nueva Estrategia Regional de Desarrollo 2022-2042. Objetivo Especifico 4 Aprobar y poner en marca la nueva Estrategia Regional de Desarrollo de la Región del Maule 2022-2042. Los Objetivos de Desarrollo Sostenible (ODS) Los Objetivos de Desarrollo Sostenible (ODS) constituyen un llamamiento universal a la acción para poner fin a la pobreza, proteger el planeta y mejorar las vidas y las perspectivas de las personas en todo el mundo. En… | [ODS] …2022-2042. Objetivo Especifico 4 Aprobar y poner en marca la nueva Estrategia Regional de Desarrollo de la Región del Maule 2022-2042. Los Objetivos de Desarrollo Sostenible (ODS) Los Objetivos de Desarrollo Sostenible (ODS) constituyen un llamamiento universal a la acción para poner fin a la pobreza, proteger el planeta y mejorar las vidas y las perspectivas de las personas en todo el mundo. En 2015, todos los Estados Miembros… Leer más C… | [Objetivos de Desarrollo Sostenible] …tivo Especifico 3 Diseñar y construir la nueva Estrategia Regional de Desarrollo 2022-2042. Objetivo Especifico 4 Aprobar y poner en marca la nueva Estrategia Regional de Desarrollo de la Región del Maule 2022-2042. Los Objetivos de Desarrollo Sostenible (ODS) Los Objetivos de Desarrollo Sostenible (ODS) constituyen un llamamiento universal a la acción para poner fin a la pobreza, proteger el planeta y mejorar las vidas y las perspectivas de las personas en todo el mund…",2026-09-29T19:08:28Z
AB083,Maule,Sitio web,https://www.goremaule.cl/goremauleVII/2026/05/18/maule-impulsa-historica-alianza-regional-por-la-sostenibilidad-con-primera-sesion-del-consejo-estrategico-regional/,Maule impulsa histórica alianza regional por la sostenibilidad con primera sesión del Consejo Estratégico Regional - Gobierno del Maule,,0,1,0,0,,"[Objetivos de Desarrollo Sostenible] …tas casas de estudio de la región, abordándose ejes estratégicos vinculados a gestión hídrica, energías renovables, economía circular, educación, conectividad, cultura, turismo y gobernanza territorial, en línea con los Objetivos de Desarrollo Sostenible y el compromiso hacia la carbono neutralidad al 2050. El Gobernador Regional del Maule destacó la relevancia de esta instancia señalando que “hoy damos un paso importante para construir una región más sostenible, articu…",2026-09-29T19:08:28Z
AB083,Maule,Sitio web,https://www.goremaule.cl/goremauleVII/2022/04/22/gobernadora-cristina-bravo-inicia-ciclo-de-formacion-para-emprendedores-e-inversionista-maule-investments/,Gobernadora Cristina Bravo inicia ciclo de formación para emprendedores e inversionista Maule Investments - Gobierno del Maule,,0,1,0,0,,"[Objetivos de Desarrollo Sostenible] …tintos rubros económicos puedan comunicar mejor sus negocios a inversionistas; y a personas que quieren incursionar en la inversión en emprendimientos con potencial de crecimiento y que se preocupan por contribuir a los Objetivos de Desarrollo Sostenible. Además, hemos abierto las sesiones de formación a todo el público interesado a través de Youtube. Creemos que hay en el territorio muchas ideas que necesitan solamente más información y conocimiento para tomar la decis…",2026-09-29T19:08:55Z
AB086,Los Ríos,Sitio web,https://www.goredelosrios.cl/index.php/region-de-los-rios-se-incorpora-a-regions4-y-fortalece-su-proyeccion-internacional-en-accion-climatica-biodiversidad-y-desarrollo-sostenible/,"Región de Los Ríos se incorpora a Regions4 y fortalece su proyección internacional en acción climática, biodiversidad y desarrollo sostenible",2026-06-26,0,0,1,0,,"[Agenda 2030] …trayectoria, especializada en cambio clim á tico, biodiversidad y desarrollo sostenible. Su trabajo se vincula con espacios multilaterales como las Conferencias de las Partes sobre Cambio Clim á tico y Biodiversidad, la Agenda 2030 y distintas instancias de Naciones Unidas, permitiendo que las regiones tengan mayor presencia e incidencia en debates internacionales donde se definen prioridades, compromisos y oportunidades de cooperació n. Para la R…",2026-09-29T19:13:59Z
AB088,Aysén,Sitio web,https://www.goreaysen.cl/parcc-aysen/,PARCC Aysén - Gobierno Regional De Aysén,,1,0,0,0,,"[ODS] …ciembre Enlaces destacados Ley N°21.455, Ley Marco de Cambio Climático Portal Estrategia Climática de Largo Plazo (ECLP2050) Portal Contribución Nacional Determinada (NDC) de Chile Portal Objetivo Desarrollo Sostenible (ODS) Portal Cambio Climático – Ministerio del Medio Ambiente Portal SEREMI del Medio Ambiente Aysén Portal Ministerio del Medio Ambiente Reglamento de Elaboración de Instrumentos de Gestión Climática…",2026-09-29T19:24:41Z
AB089,Magallanes,Sitio web,https://www.goremagallanes.cl/con-alta-convocatoria-de-inversionistas-nacionales-y-extranjeros-se-desarrollo-el-foro-de-inversiones-en-punta-arenas/,Con alta convocatoria de inversionistas nacionales y extranjeros se desarrolló el foro de inversiones en Punta Arenas – Gobierno Regional de Magallanes y de la Antartica Chilena,,0,1,0,0,,"[Objetivos de Desarrollo Sostenible] …nes , en particular, hayan sido elegidas como los lugares de desarrollo de este encuentro tienen como antecedente que, por ejemplo, Chile haya suscrito el Acuerdo de París para mitigar el cambio climático; y también los Objetivos de Desarrollo Sostenible – ONU , que apuntan a promover patrones de consumo y producción sostenibles, junto con adoptar medidas para enfrentar el calentamiento global y sus efectos. En este sentido, Chile ha marcado un hito al comprometerse a a…",2026-09-29T19:26:35Z
AB098,Ñuble,Sitio web,https://goredenuble.cl/31-puntos-de-conectividad-rural-en-nuble-comunidades-que-antes-estaban-aisladas-hoy-se-conectan-al-mundo/,31 puntos de conectividad rural en Ñuble: comunidades que antes estaban aisladas hoy se conectan al mundo - Gobierno Regional de Ñuble,2026-06-22,0,1,0,0,,"[Objetivos de Desarrollo Sostenible] …vó el potencial de las herramientas digitales para fortalecer el desarrollo productivo local y generar nuevas oportunidades para los territorios rurales de Ñuble. La iniciativa, financiada por el Fondo Conjunto para los Objetivos de Desarrollo Sostenible —Joint SDG Fund—, busca reducir la brecha digital en territorios rurales de rezago, mediante acceso a internet, formación en habilidades digitales, fortalecimiento de la telesalud, acceso a servicios públicos y apoyo al…",2026-09-29T19:28:10Z
AB098,Ñuble,Sitio web,https://goredenuble.cl/ahora-podemos-saber-antes-lo-que-tenemos-telemedicina-ya-mejora-la-vida-de-vecinos-de-capilla-norte-en-el-carmen/,“Ahora podemos saber antes lo que tenemos”: telemedicina ya mejora la vida de vecinos de Capilla Norte en El Carmen - Gobierno Regional de Ñuble,2026-04-01,0,1,0,0,,"[Objetivos de Desarrollo Sostenible] …osta de Salud Rural Capilla Norte , en la comuna de El Carmen , recibió en diciembre de 2025 equipos de telemedicina en el marco del proyecto Comunidades Conectadas , iniciativa financiada por el Fondo Conjunto para los Objetivos de Desarrollo Sostenible d el Sistema de las Naciones Unidas, impulsada por ONU Chile, el Gobierno y el sector privado. El equipamiento —compuesto por un ecógrafo, un electrocardiógrafo y un monitor multiparámetro — permite realizar diagnóstico…",2026-09-29T19:28:14Z
