id,codigo,gore,fuente,pagina,terminos,ods_nombrados,metas,contexto
AB075-ER-p164,AB075,Arica y Parinacota,ERD,164,"ODS, Objetivos de Desarrollo Sostenible, Agenda 2030",,,"[ODS] …tiéndose en el su calidad de Secretaría Técnica del Consejo Nacional cumplimiento de un programa de desarrollo sostenible, para la Implementación de la Agenda 2030 para el el cual busca fortalecer la paz universal dentro de un desarrollo sostenible (ODS) ha definido una serie de concepto más amplio de libertad. metas e indicadores que son aplicables para la revisión del estado de avance de las condiciones de los diversos Es así que, en virtud del compromiso que ha realizado factores que componen lo… | [ODS] …ha definido una serie de concepto más amplio de libertad. metas e indicadores que son aplicables para la revisión del estado de avance de las condiciones de los diversos Es así que, en virtud del compromiso que ha realizado factores que componen los ODS, estas materias son las el estado en base a la Agenda 2030 y la necesidad de que se presentan a continuación en el siguiente dibujo: Fuente: Programa de las Naciones Unidas para el Desarrollo. El seguimiento y monitoreo de la implementación disposic… | [Objetivos de Desarrollo Sostenible] …7. PLAN DE ACCIÓN DE LA ESTRATEGIA REGIONAL DE DESARROLLO 7.2. Seguimiento y monitoreo de la ERD En el año 2015 nuestro país asume el compromiso como desarrollar los 17 Objetivos de Desarrollo Sostenible miembro integrante de la Organización de Naciones y sus 169 metas, el Ministerio de Desarrollo Social en Unidas (ONU), suscribiendo y comprometiéndose en el su calidad de Secretaría Técnica del Consejo Nacional cumplimiento de un programa de desarro…"
AB075-ER-p165,AB075,Arica y Parinacota,ERD,165,"ODS, Objetivos de Desarrollo Sostenible, Agenda 2030",1,1.1 1.2 1.3,"[ODS] …unal. este mecanismo de seguimiento debe ser precisado por la División de Planificación y Desarrollo del Gobierno Complementando lo señalado anteriormente, se Regional, en consideración con los aportes de cada una seleccionó un grupo de metas de los ODS que poseen de las mesas. indicadores que serán seleccionados en virtud de las recomendaciones y requerimientos de cada una de El Programa de seguimiento y monitoreo de la ERD, las mesas de trabajo y organismos técnicos55,1que debiera emitir al menos… | [ODS] …entificados en el Informe de diagnóstico e Implementación de la Agenda 2030 y los Objetivos de Desarrollo Sostenible de Chile, del Consejo Nacional y Secretaría Técnica para la implementación de la Agenda 2030 para el desarrollo sostenible. PÁG. 165 ODS Metas 1. Fin de la Meta 1.1 Para 2030, erradicar la pobreza extrema para todas pobreza las personas en el mundo, actualmente medida por un ingreso por persona inferior a 1,25 dólares de los Estados Unidos al día. Meta 1.2 Para 2030, reducir al menos… | [Objetivos de Desarrollo Sostenible] … los los resultados relativos al grado de avance en la Ejes y Lineamientos Estratégicos: implementación de las iniciativas de inversión con 55 Indicadores claramente identificados en el Informe de diagnóstico e Implementación de la Agenda 2030 y los Objetivos de Desarrollo Sostenible de Chile, del Consejo Nacional y Secretaría Técnica para la implementación de la Agenda 2030 para el desarrollo sostenible. PÁG. 165 ODS Metas 1. Fin de la Meta 1.1 Para 2030, erradicar la pobreza extrema para todas pobreza las personas en el mundo,…"
AB075-ER-p177,AB075,Arica y Parinacota,ERD,177,"Objetivos de Desarrollo Sostenible, Agenda 2030",,,"[Objetivos de Desarrollo Sostenible] …8. BIBLIOGRAFÍA Pública. (2016). Migración en Chile 2005-2014. Santiago de Chile. Obtenido de www. extranjeria.gob.cl 14. desarrollo, C. N. (2017). Informe de diagnóstico e implementación de la Agenda 2030 y los Objetivos de Desarrollo sostenible en Chile. Santiago. 15. Desarrollo, P. d. (24 de 09 de 2017). Objetivos de Desarrollo Sostenible. Recuperado el 24 de 09 de 2017, de http://www.undp.org/content/undp/es/home/sustainabledevelopment-goals.html 16. Fundación Altiplano. (2014). Porque m… | [Objetivos de Desarrollo Sostenible] …14. Santiago de Chile. Obtenido de www. extranjeria.gob.cl 14. desarrollo, C. N. (2017). Informe de diagnóstico e implementación de la Agenda 2030 y los Objetivos de Desarrollo sostenible en Chile. Santiago. 15. Desarrollo, P. d. (24 de 09 de 2017). Objetivos de Desarrollo Sostenible. Recuperado el 24 de 09 de 2017, de http://www.undp.org/content/undp/es/home/sustainabledevelopment-goals.html 16. Fundación Altiplano. (2014). Porque me enamoré de ti, Diagnóstico y Plan Patrimonial para Arica y Parinacota. Arica. 17. Fundación Alt… | [Agenda 2030] …8. BIBLIOGRAFÍA Pública. (2016). Migración en Chile 2005-2014. Santiago de Chile. Obtenido de www. extranjeria.gob.cl 14. desarrollo, C. N. (2017). Informe de diagnóstico e implementación de la Agenda 2030 y los Objetivos de Desarrollo sostenible en Chile. Santiago. 15. Desarrollo, P. d. (24 de 09 de 2017). Objetivos de Desarrollo Sostenible. Recuperado el 24 de 09 de 2017, de http://www.undp.org/content/undp/es/home/sustainabledevelopment-goals.html …"
AB075-ER-p178,AB075,Arica y Parinacota,ERD,178,"Objetivos de Desarrollo Sostenible, Agenda 2030",,,"[Objetivos de Desarrollo Sostenible] …dios. (2012). Estudio de identificación de localidades en condiones de aislmaiento 2012. Santiago de Chile. 39. SUBDERE, U. R. (2012). Política Regional de Desarrollo de Localidades Aisladas Región de Arica y Parinacota. Arica. 40. Agenda 2030 y los Objetivos de Desarrollo Sostenible, Una oportunidad para América Latina y el Caribe, 2016, CEPAL - Naciones Unidas. PÁG. 178… | [Agenda 2030] …e Políticas y Estudios. (2012). Estudio de identificación de localidades en condiones de aislmaiento 2012. Santiago de Chile. 39. SUBDERE, U. R. (2012). Política Regional de Desarrollo de Localidades Aisladas Región de Arica y Parinacota. Arica. 40. Agenda 2030 y los Objetivos de Desarrollo Sostenible, Una oportunidad para América Latina y el Caribe, 2016, CEPAL - Naciones Unidas. PÁG. 178…"
AB077-CU-p46,AB077,Antofagasta,Cuenta pública,46,Objetivos de Desarrollo Sostenible,,,"[Objetivos de Desarrollo Sostenible] …orpora las áreas de protección ambiental, desarrollo tecnológico, relación con comunidades originarias y ciencia ciudadana. Para ello, debemos fomentar la investigación y la innovación hacia una minería más sustentable y sostenible, en línea con los Objetivos de Desarrollo Sostenible de las Naciones Unidas. Así como con la Estrategia Minera para el Bienestar de la región de Antofagasta 2023-2050…"
AB078-ER-p20,AB078,Atacama,ERD,20,"ODS, Objetivos de Desarrollo Sostenible, Agenda 2030",,,"[ODS] …0072017) considera la gestión sustentable del recurso hídrico, el cambio climático, la biodiversidad y el manejo de pasivos y riesgos ambientales asociados a la minería. Estos lineamientos son consistentes con los Objetivos de Desarrollo Sostenible (ODS) de la Agenda 2030. La gestión de riesgos de desastres se basa en la Ley 21.364, que reemplaza a la ONEMI por el Servicio Nacional de Prevención y Respuesta ante Desastres (SENAFuente: Diagnóstico Espacial, Natural y Ambiental, Etapa 2.… | [Objetivos de Desarrollo Sostenible] …Regional de Desarrollo de Atacama (20072017) considera la gestión sustentable del recurso hídrico, el cambio climático, la biodiversidad y el manejo de pasivos y riesgos ambientales asociados a la minería. Estos lineamientos son consistentes con los Objetivos de Desarrollo Sostenible (ODS) de la Agenda 2030. La gestión de riesgos de desastres se basa en la Ley 21.364, que reemplaza a la ONEMI por el Servicio Nacional de Prevención y Respuesta ante Desastres (SENAFuente: Diagnóstico Espacial, Natural y Ambiental, Etapa 2.… | [Agenda 2030] …nsidera la gestión sustentable del recurso hídrico, el cambio climático, la biodiversidad y el manejo de pasivos y riesgos ambientales asociados a la minería. Estos lineamientos son consistentes con los Objetivos de Desarrollo Sostenible (ODS) de la Agenda 2030. La gestión de riesgos de desastres se basa en la Ley 21.364, que reemplaza a la ONEMI por el Servicio Nacional de Prevención y Respuesta ante Desastres (SENAFuente: Diagnóstico Espacial, Natural y Ambiental, Etapa 2.…"
AB079-ER-p11,AB079,Coquimbo,ERD,11,ODS,,,"[ODS] …ón del avanza hacia la implementación y el seguimiento de la Agenbienestar integral es el enfoque de capacidad de Amartya da 2030 y el cumplimiento de los Objetivos de Desarrollo Sen, cuyo trabajo contribuyó enormemente en instalar este Sustentable (ODS), el enfoque de desarrollo humano sigue…"
AB079-ER-p33,AB079,Coquimbo,ERD,33,"Objetivos de Desarrollo Sostenible, Agenda 2030",,,"[Objetivos de Desarrollo Sostenible] …as y safíos levantados. Estos no son ajenos a retos nacionales suelos, el avance hacia una minería responsable con el y mundiales, por lo que también se realiza una relación entorno y hacia una agricultura que se adapte a los desa- entre estos y los Objetivos de Desarrollo Sostenible de fíos como la desertificación de la región, la eficiencia en la la Agenda 2030 y ciertas políticas planes y programas gestión de residuos, la seguridad ciudadana, la mitigación y nacionales relacionados. Figura 8. Esquema Íconos desafíos. Fuente. … | [Agenda 2030] …nsable con el y mundiales, por lo que también se realiza una relación entorno y hacia una agricultura que se adapte a los desa- entre estos y los Objetivos de Desarrollo Sostenible de fíos como la desertificación de la región, la eficiencia en la la Agenda 2030 y ciertas políticas planes y programas gestión de residuos, la seguridad ciudadana, la mitigación y nacionales relacionados. Figura 8. Esquema Íconos desafíos. Fuente. Elaboración Propia, 2024.…"
AB079-ER-p36,AB079,Coquimbo,ERD,36,ODS,,,"[ODS] …ceso al agua es una temática importante a nivel gestión integral del recurso hídrico con el objeto de aseinternacional y corresponde al Objetivo 6 de los Objetivos gurar el acceso, la calidad y uso sostenible para los seres de Desarrollo Sostenible (ODS) de las Naciones Unidas: humanos, los ecosistemas y las actividades productivas.…"
AB079-ER-p37,AB079,Coquimbo,ERD,37,ODS,3 4 6 7,,"[ODS] …itativas. Esto implica avanzar hacia el bienestar con equidad territorial, reduciendo las disparidades en acceso a servicios y oportunidades entre zonas urbanas y rurales, así como dentro de la conurbación. Este planteamiento se relaciona con cuatro ODS: (3) Salud y Bienestar, (4) Educación de calidad, (6) Agua limpia y saneamiento, (7) Energía asequible y no contaminante. En el caso de la Región de Coquimbo, desde la perspectiva de la concentración de población y el crecimiento urbano acelerado, s…"
AB079-ER-p42,AB079,Coquimbo,ERD,42,"ODS, Agenda 2030",11,,"[ODS] …representa de los desafíos identificados por la ciudadanía. un aumento del 20% en comparación con el período La vivienda contribuye a la Agenda 2030 para el anterior (2021). Durante este período, se registraron 6 desarrollo sostenible. Dentro de los ODS, el que tiene nuevos campamentos, terminando el año 2023 con 38 relación más directa es el ODS 11, que busca ""lograr campamentos en la región. que las ciudades y los asentamientos humanos sean Los datos regionales del catastro muestran que la inclus… | [ODS] …on el período La vivienda contribuye a la Agenda 2030 para el anterior (2021). Durante este período, se registraron 6 desarrollo sostenible. Dentro de los ODS, el que tiene nuevos campamentos, terminando el año 2023 con 38 relación más directa es el ODS 11, que busca ""lograr campamentos en la región. que las ciudades y los asentamientos humanos sean Los datos regionales del catastro muestran que la inclusivos, seguros, resilientes y sostenibles"", donde la provincia de Elqui concentra la mayor canti… | [Agenda 2030] …. En 2023, cantidad significativa de habitantes, siendo también uno 2.297 familias vivían en campamentos, lo que representa de los desafíos identificados por la ciudadanía. un aumento del 20% en comparación con el período La vivienda contribuye a la Agenda 2030 para el anterior (2021). Durante este período, se registraron 6 desarrollo sostenible. Dentro de los ODS, el que tiene nuevos campamentos, terminando el año 2023 con 38 relación más directa es el ODS 11, que busca ""lograr campamentos en la región. q…"
AB079-ER-p43,AB079,Coquimbo,ERD,43,ODS,,,"[ODS] …s de Delitos de Mayor social y el funcionamiento armonioso de cualquier Connotación Social (DMCS), por comuna, año 2022.(DMCS), por comuna, año 2022. región. Promover sociedades justas, pacíficas e inclusivas, como lo establece el objetivo 16 de los ODS, no solo protege a los ciudadanos de amenazas inmediatas como el crimen y la violencia, sino que también sienta las bases para el florecimiento de comunidades prósperas, al ser consideradas ambientes seguros. La Región de Coquimbo se enfrenta el des…"
AB079-ER-p47,AB079,Coquimbo,ERD,47,"ODS, Objetivos de Desarrollo Sostenible",11,,"[ODS] …os. necesidad de sistemas de transporte seguros y accesibles La pandemia de COVID-19 ha destacado la importancia para todos, alineándose con esta prioridad planetaria, crítica de la conectividad digital. El acceso a internet se específicamente en el ODS N°11 de ciudades y comuniha convertido en una necesidad básica, pero persisten dades sostenibles.… | [Objetivos de Desarrollo Sostenible] …a contar con caminos de menor calidad y mayores reducir las disparidades territoriales en el acceso a servitiempos de viaje. También condice e incrementa las bre- cios y oportunidades. chas territoriales existentes respecto al acceso a servicios Los Objetivos de Desarrollo Sostenible establecen la y equipamientos. necesidad de sistemas de transporte seguros y accesibles La pandemia de COVID-19 ha destacado la importancia para todos, alineándose con esta prioridad planetaria, crítica de la conectividad digital. El acceso a intern…"
AB079-ER-p50,AB079,Coquimbo,ERD,50,ODS,8,,"[ODS] …s individuos con empleos más precarios son los primeros que tienden a perder su empleo en situaciones de crisis. La alta informalidad laboral en la región, en comparación con el promedio nacional, representa un desafío regional, que se alinea con el ODS 8: “Promover el crecimiento económico inclusivo y sostenible, el empleo y el trabajo decente para todos”, que tiene como objetivo relevar el derecho de las personas a compartir el progreso. Trabajadora de Nueces del Choapa.…"
AB079-ER-p52,AB079,Coquimbo,ERD,52,ODS,8,,"[ODS] … DESARROLLO COQUIMBO 2030 Figura 17. Inversión Pública Regional por sectores (miles de millones de pesos). Fuente. Elaboración propia en base a datos del Banco Integrado de Proyectos, Ministerio de Desarrollo Social. tos locales, alineándose con los ODS 8 y 12 que plantean Nacional Fray Jorge, primera de Sudamérica, y el Santuametas en este camino. rio Internacional de Cielos Oscuros en el Valle de Elqui La región destaca por su potencial en observación refuerzan aún más este potencial. astronómica…"
AB079-ER-p57,AB079,Coquimbo,ERD,57,ODS,,2.3 2.4,"[ODS] … ocasionar daños a la actividad. mismo tiempo, ha sido la actividad que mayor tasa de En este sentido, el desafío es aumentar la resiliencia de decrecimiento del número de ocupados ha alcanzado, la actividad, lo que se relaciona con varias metas del ODS con un 34.7%. En el presente, tanto desde la perspectiva 2 “Poner fin al hambre”, principalmente con la meta 2.4: del empleo como de las empresas, estas actividades “Para 2030 asegurar la sostenibilidad de los sistemas de están experimentando una dr…"
AB079-ER-p62,AB079,Coquimbo,ERD,62,"ODS, Objetivos de Desarrollo Sostenible",15,,"[ODS] …d depósitos de relaves del país (392 relaves), de los cuales En la Región de Coquimbo, la preservación de suelos 90% se encuentran inactivos. de calidad y libres de contaminación es imperativa, ya Dentro de los Objetivos de Desarrollo Sostenible, el ODS que, por su situación geográfica, de valles transversales, 15 apunta a la vida de ecosistemas terrestres, planteando cuenta con una superficie reducida para el ejercicio de la “proteger, restablecer y promover el uso sostenible de agricultura, lo qu… | [Objetivos de Desarrollo Sostenible] …a la mayor cantidad de Suelos de calidad depósitos de relaves del país (392 relaves), de los cuales En la Región de Coquimbo, la preservación de suelos 90% se encuentran inactivos. de calidad y libres de contaminación es imperativa, ya Dentro de los Objetivos de Desarrollo Sostenible, el ODS que, por su situación geográfica, de valles transversales, 15 apunta a la vida de ecosistemas terrestres, planteando cuenta con una superficie reducida para el ejercicio de la “proteger, restablecer y promover el uso sostenible de agricultur…"
AB079-ER-p143,AB079,Coquimbo,ERD,143,"ODS, Agenda 2030",,,[ODS] …e indicador y disminución. El indicador es parte de los indicaparecidas y afectados por desastres regional solo nacional. dores nacionales de Chile Agenda por cada 100.000 personas (Indica- 2030. No está calculado a nivel dor 1.5.1 Chile Agenda 2030 ODS) regional. Se recomienda su cálculo (Gobierno Regional). anual por parte del GORE y como meta su disminución. Planes Comunales para la Reducción En marzo 2024 solo un municipio conta- 1 Por la importancia del documento del Riesgo de Desastres aproba… | [Agenda 2030] …el Cálculo de indicador y disminución. El indicador es parte de los indicaparecidas y afectados por desastres regional solo nacional. dores nacionales de Chile Agenda por cada 100.000 personas (Indica- 2030. No está calculado a nivel dor 1.5.1 Chile Agenda 2030 ODS) regional. Se recomienda su cálculo (Gobierno Regional). anual por parte del GORE y como meta su disminución. Planes Comunales para la Reducción En marzo 2024 solo un municipio conta- 1 Por la importancia del documento del Riesgo de Desastres ap…
AB079-ER-p166,AB079,Coquimbo,ERD,166,"ODS, Objetivos de Desarrollo Sostenible",,,[ODS] …166 ESTRATEGIA REGIONAL DE DESARROLLO COQUIMBO 2030 8. Siglas ART Aguas Residuales Tratadas MOP Ministerio de Obras Públicas CASEN Encuesta de Caracterización Socioeconómica Nacional NEE Necesidades Educativas Especiales CESAM Centro de Salud Mental ODS Objetivos de Desarrollo Sostenible CIREN Centro de información de Recursos Naturales OIT Organización Internacional del Trabajo CNED Consejo Nacional de Educación ONU Organización de las Naciones Unidas CONADI Corporación Nacional de Desarrollo Indí… | [Objetivos de Desarrollo Sostenible] …ESTRATEGIA REGIONAL DE DESARROLLO COQUIMBO 2030 8. Siglas ART Aguas Residuales Tratadas MOP Ministerio de Obras Públicas CASEN Encuesta de Caracterización Socioeconómica Nacional NEE Necesidades Educativas Especiales CESAM Centro de Salud Mental ODS Objetivos de Desarrollo Sostenible CIREN Centro de información de Recursos Naturales OIT Organización Internacional del Trabajo CNED Consejo Nacional de Educación ONU Organización de las Naciones Unidas CONADI Corporación Nacional de Desarrollo Indígena PACCC Planes de Acción Comunal…
AB080-ER-p27,AB080,Valparaíso,ERD,27,Agenda 2030,,,"[Agenda 2030] …ultural, natural y espiritual. Además, este enfoque busca sintonía con los estándares que guían el desempeño de e. Enfoque participativo las instituciones públicas y son coherentes Promueve el derecho individual y colecticon los planteamientos de la Agenda 2030 vo de participar en la vida pública y polípara el Desarrollo Sostenible3, adoptada tica para ejercer el involucramiento activo por el Estado Chileno en 2015 y que estade las personas en los asuntos de interés blecen desafíos regionales para cooperar…"
AB080-ER-p81,AB080,Valparaíso,ERD,81,"Objetivos de Desarrollo Sostenible, Agenda 2030",,,"[Objetivos de Desarrollo Sostenible] …ionales vigentes. También, con los que respondan a los temas considerados es- instrumentos de planificación vigentes y tratégicos para el desarrollo de la Región de proyectados a escala regional, junto con Valparaíso, en un horizonte de 10 años. los objetivos del desarrollo sostenible de la agenda 2030. Se compone en primer lugar por una imagen objetivo, de manera tal que sea capaz de re- De igual manera, la matriz está en sintonía flejar la visión de desarrollo en una idea fuer- con los espacios de articulación institucioza comp… | [Agenda 2030] …pondan a los temas considerados es- instrumentos de planificación vigentes y tratégicos para el desarrollo de la Región de proyectados a escala regional, junto con Valparaíso, en un horizonte de 10 años. los objetivos del desarrollo sostenible de la agenda 2030. Se compone en primer lugar por una imagen objetivo, de manera tal que sea capaz de re- De igual manera, la matriz está en sintonía flejar la visión de desarrollo en una idea fuer- con los espacios de articulación institucioza compartida por la comu…"
AB080-ER-p88,AB080,Valparaíso,ERD,88,"ODS, Objetivos de Desarrollo Sostenible",1 2 3 4 5 10,,"[ODS] …ateria de Desarrollo Social, Derechos Humanos y Seguridad Pública y con el Convenio 169 de la OIT. Las líneas de acción de este eje del desarrollo regional contribuyen al logro de los siguientes Objetivos de Desarrollo Sostenible: Fin de la pobreza (ODS 01) Hambre cero (ODS 02) Salud y Bienestar (ODS 03) Educación de Calidad (ODS 04) Igualdad de género (ODS 05) Reducción de las desigualdades (ODS 10) ERD ESTRATEGIA REGIONAL DE DESARROLLO REGIÓN DE VALPARAÍSO 2025 – 2035… | [ODS] …Social, Derechos Humanos y Seguridad Pública y con el Convenio 169 de la OIT. Las líneas de acción de este eje del desarrollo regional contribuyen al logro de los siguientes Objetivos de Desarrollo Sostenible: Fin de la pobreza (ODS 01) Hambre cero (ODS 02) Salud y Bienestar (ODS 03) Educación de Calidad (ODS 04) Igualdad de género (ODS 05) Reducción de las desigualdades (ODS 10) ERD ESTRATEGIA REGIONAL DE DESARROLLO REGIÓN DE VALPARAÍSO 2025 – 2035… | [ODS] …Seguridad Pública y con el Convenio 169 de la OIT. Las líneas de acción de este eje del desarrollo regional contribuyen al logro de los siguientes Objetivos de Desarrollo Sostenible: Fin de la pobreza (ODS 01) Hambre cero (ODS 02) Salud y Bienestar (ODS 03) Educación de Calidad (ODS 04) Igualdad de género (ODS 05) Reducción de las desigualdades (ODS 10) ERD ESTRATEGIA REGIONAL DE DESARROLLO REGIÓN DE VALPARAÍSO 2025 – 2035…"
AB080-ER-p92,AB080,Valparaíso,ERD,92,"ODS, Objetivos de Desarrollo Sostenible",6 7 13 14 15,,[ODS] …Ambiental y Social de Quintero y Puchuncaví y con el Comité Regional de Humedales Urbanos. Las líneas de acción de este eje del desarrollo regional contribuyen al logro de los siguientes Objetivos de Desarrollo Sostenible: Agua limpia y saneamiento (ODS 06) Energía asequible y no contaminante (ODS 07) Acción por el clima (ODS 13) Vida submarina (ODS 14) Vida de ecosistemas terrestres (ODS 15) ERD ESTRATEGIA REGIONAL DE DESARROLLO REGIÓN DE VALPARAÍSO 2025 – 2035… | [ODS] … con el Comité Regional de Humedales Urbanos. Las líneas de acción de este eje del desarrollo regional contribuyen al logro de los siguientes Objetivos de Desarrollo Sostenible: Agua limpia y saneamiento (ODS 06) Energía asequible y no contaminante (ODS 07) Acción por el clima (ODS 13) Vida submarina (ODS 14) Vida de ecosistemas terrestres (ODS 15) ERD ESTRATEGIA REGIONAL DE DESARROLLO REGIÓN DE VALPARAÍSO 2025 – 2035… | [ODS] …medales Urbanos. Las líneas de acción de este eje del desarrollo regional contribuyen al logro de los siguientes Objetivos de Desarrollo Sostenible: Agua limpia y saneamiento (ODS 06) Energía asequible y no contaminante (ODS 07) Acción por el clima (ODS 13) Vida submarina (ODS 14) Vida de ecosistemas terrestres (ODS 15) ERD ESTRATEGIA REGIONAL DE DESARROLLO REGIÓN DE VALPARAÍSO 2025 – 2035…
AB080-ER-p96,AB080,Valparaíso,ERD,96,"ODS, Objetivos de Desarrollo Sostenible",8 9 12,,"[ODS] …el Gobernador(a) Regional. Las líneas de acción de este eje del desarrollo regional contribuyen al logro de los siguientes Objetivos de Desarrollo Sostenible: Trabajo decente y crecimiento económico (ODS8) Industria, investigación e infraestructura (ODS 9) Producción y consumos responsables (ODS12) ERD ESTRATEGIA REGIONAL DE DESARROLLO REGIÓN DE VALPARAÍSO 2025 – 2035… | [Objetivos de Desarrollo Sostenible] …al de Ciencia, Tecnología, Conocimiento e Innovación y los Consejos de Coordinación de Ciudad - Puerto, que son presididos por el Gobernador(a) Regional. Las líneas de acción de este eje del desarrollo regional contribuyen al logro de los siguientes Objetivos de Desarrollo Sostenible: Trabajo decente y crecimiento económico (ODS8) Industria, investigación e infraestructura (ODS 9) Producción y consumos responsables (ODS12) ERD ESTRATEGIA REGIONAL DE DESARROLLO REGIÓN DE VALPARAÍSO 2025 – 2035…"
AB080-ER-p104,AB080,Valparaíso,ERD,104,"ODS, Objetivos de Desarrollo Sostenible",11,,"[ODS] …sididos por el Gobernador Regional y el Plan de Emergencia Habitacional de MINVU. Las líneas de acción de este eje del desarrollo regional contribuyen al logro de los siguientes objetivos de desarrollo sostenible: Ciudades y comunidades sostenibles (ODS 11). ERD ESTRATEGIA REGIONAL DE DESARROLLO REGIÓN DE VALPARAÍSO 2025 – 2035… | [Objetivos de Desarrollo Sostenible] …nal, se articula con los Consejos de Coordinación de Ciudad - Puerto presididos por el Gobernador Regional y el Plan de Emergencia Habitacional de MINVU. Las líneas de acción de este eje del desarrollo regional contribuyen al logro de los siguientes objetivos de desarrollo sostenible: Ciudades y comunidades sostenibles (ODS 11). ERD ESTRATEGIA REGIONAL DE DESARROLLO REGIÓN DE VALPARAÍSO 2025 – 2035…"
AB080-ER-p108,AB080,Valparaíso,ERD,108,"ODS, Objetivos de Desarrollo Sostenible",10 11,,"[ODS] …presididos por el Gobernador(a) Regional. Las líneas de acción de este eje del desarrollo regional contribuyen al logro de los siguientes objetivos de desarrollo sostenible: Reducción de las desigualdades (ODE 10) Ciudades y comunidades sostenibles (ODS 11) ERD ESTRATEGIA REGIONAL DE DESARROLLO REGIÓN DE VALPARAÍSO 2025 – 2035… | [Objetivos de Desarrollo Sostenible] …on el funcionamiento de la Comisión Regional de Uso del Borde Costero y el Comité Regional de Cambio Climático, presididos por el Gobernador(a) Regional. Las líneas de acción de este eje del desarrollo regional contribuyen al logro de los siguientes objetivos de desarrollo sostenible: Reducción de las desigualdades (ODE 10) Ciudades y comunidades sostenibles (ODS 11) ERD ESTRATEGIA REGIONAL DE DESARROLLO REGIÓN DE VALPARAÍSO 2025 – 2035…"
AB080-ER-p112,AB080,Valparaíso,ERD,112,"Objetivos de Desarrollo Sostenible, ODS 16",16 17,,"[Objetivos de Desarrollo Sostenible] …n el funcionamiento de la Comisión Regional de Gasto Público CORGAPU y del Consejo de la Sociedad Civil del Gobierno Regional de la Región de Valparaíso. Las líneas de acción de este eje del desarrollo regional contribuyen al logro de los siguientes Objetivos de Desarrollo Sostenible: Paz, justicia e instituciones sólidas (ODS16) Alianzas para lograr los objetivos (ODS17) ERD ESTRATEGIA REGIONAL DE DESARROLLO REGIÓN DE VALPARAÍSO 2025 – 2035… | [ODS 16] …Consejo de la Sociedad Civil del Gobierno Regional de la Región de Valparaíso. Las líneas de acción de este eje del desarrollo regional contribuyen al logro de los siguientes Objetivos de Desarrollo Sostenible: Paz, justicia e instituciones sólidas (ODS16) Alianzas para lograr los objetivos (ODS17) ERD ESTRATEGIA REGIONAL DE DESARROLLO REGIÓN DE VALPARAÍSO 2025 – 2035…"
AB081-ER-p56,AB081,Metropolitana,ERD,56,"ODS, Objetivos de Desarrollo Sostenible, ODS 16",3 4 5 6 7 8 9 10 11 12 13 14 15 16 17,,"[ODS] …rios responsa- La Región Metropolitana presenta un es- [Figura 17. Diagrama de vinculación de los lineamientos estratégicos con principios rectores de la ERD 111 bles de más del 80% de las decisiones tado de desactualización de los instru- RM 2035 Y ODS] de inversión pública, especialmente en mentos normativos a escala comunal, con L1 proyectos de infraestructura y equipa- distintos niveles de permisividad y discremiento logístico. A pesar de los esfuerzos cionalidad en la normativa. El Plan Regu- … | [ODS] …blica en la región. Además, estas decisio- mamente con los lineamientos estratégi- L7 nes no siempre son concordantes con las cos de la ERD RM 2035, así también con directrices de desarrollo comprometidas los Objetivos de Desarrollo Sostenible 2030 (ODS) (Figura 17). a nivel regional y local. Esta falta de alineación se ve agravada por la falta de continuidad entre administraciones de gobiernos de diferentes coaliciones políticas. Fuente: Elaboración propia, 2023 0302 ELBINETSOS OLLORRASED LED SOVI… | [Objetivos de Desarrollo Sostenible] …os principios rectores se relacionan íntiblica en la región. Además, estas decisio- mamente con los lineamientos estratégi- L7 nes no siempre son concordantes con las cos de la ERD RM 2035, así también con directrices de desarrollo comprometidas los Objetivos de Desarrollo Sostenible 2030 (ODS) (Figura 17). a nivel regional y local. Esta falta de alineación se ve agravada por la falta de continuidad entre administraciones de gobiernos de diferentes coaliciones políticas. Fuente: Elaboración propia, 2023 0302 ELBINETSOS OLLORRASE…"
AB081-ER-p57,AB081,Metropolitana,ERD,57,ODS,5 6 7 8 10 11 12 13 16,,"[ODS] …ogaitnas ed anatiloportem nóiger | ollorrased ed lanoiger aigetartse 2024-2035 2024-2035 ogaitnas ed anatiloportem nóiger | ollorrased ed lanoiger aigetartse 112 A excepción del ODS ligado a la Vida L5 Medio ambiente y territorio resilien- 113 Submarina, entendiendo que la Región te, se sostiene en principios de sosteniMetropolitana tiene carácter medite- bilidad y resiliencia, enfocado a lograr rráneo, los siete lineamientos e… | [ODS] …dio ambiente y territorio resilien- 113 Submarina, entendiendo que la Región te, se sostiene en principios de sosteniMetropolitana tiene carácter medite- bilidad y resiliencia, enfocado a lograr rráneo, los siete lineamientos estraté- avanzar en los ODS de agua limpia y gicos comprometen al menos un ODS y, saneamiento, energía asequible y no se combinan, con al menos también de contaminante, ciudades y comunidades uno de sus siete principios. En detalle, la sostenibles, acción por el clima y vida d… | [ODS] …entendiendo que la Región te, se sostiene en principios de sosteniMetropolitana tiene carácter medite- bilidad y resiliencia, enfocado a lograr rráneo, los siete lineamientos estraté- avanzar en los ODS de agua limpia y gicos comprometen al menos un ODS y, saneamiento, energía asequible y no se combinan, con al menos también de contaminante, ciudades y comunidades uno de sus siete principios. En detalle, la sostenibles, acción por el clima y vida de Figura 17 da cuenta para cada linea- ecosistemas …"
AB083-ER-p2,AB083,Maule,ERD,2,Agenda 2030,,,"[Agenda 2030] …............................................................................. 1 Capítulo I: Contexto de elaboración de la Estrategia Regional de Desarrollo Maule 2042 .......... 3 1.1. Enfoque conceptual: la importancia de los valores de la ONU y la Agenda 2030 .......... 3 1.2. Coyuntura regional ....................................................................................................................... 4 1.3. Aspectos metodológicos y proceso de elaboración: la importancia del proceso participa… | [Agenda 2030] … de Desarrollo al 2042 ................................................................................ 29 3.1. Proceso de formulación de la visión e imagen estratégica de la Región del Maule ..... 29 3.2 La importancia de los valores de la ONU y la Agenda 2030 para la Estrategia ........... 54 3.3 Visión de la Estrategia Regional de Desarrollo Maule 2042 ............................................ 57 3.4 Dimensiones, Lineamientos estratégicos y objetivos regionales...................................... 7…"
AB083-ER-p4,AB083,Maule,ERD,4,Objetivos de Desarrollo Sostenible,,,"[Objetivos de Desarrollo Sostenible] … de las empresas por rubro, Región del Maule, 2019 19 Ilustración 11. Resumen de infraestructura de Conectividad Regional 2019 20 Ilustración 12. Infraestructura y Organizaciones Culturales por Comuna en la Región del Maule 22 Ilustración 13. Los 17 objetivos de desarrollo sostenible 55 Ilustración 14. Conceptos clave para la Estrategia Regional de Desarrollo Maule 2022 58 Ilustración 15. Objetivos regionales en el Lineamiento Estratégico I 73 Ilustración 16. Objetivos regionales en el Lineamiento Estratégico II 75 Ilustración 1…"
AB083-ER-p9,AB083,Maule,ERD,9,"ODS, Objetivos de Desarrollo Sostenible, Agenda 2030",,,"[ODS] …a verdadera herramienta de prevención y, a su vez, de despliegue en múltiples niveles de los valores ONU. La aspiración transformadora y la aplicabilidad universal de esta agenda, que se implementa a través de los Objetivos de Desarrollo Sostenible (ODS), propone a los Estados miembros mantenerse firmes con los requisitos internacionales de protección de los derechos humanos, eliminando las desigualdades de género y todas las formas de discriminación, para garantizar que nadie se quede atrás. Const… | [ODS] …humanos universales tienen su papel crucial y la Estrategia es el instrumento donde definir cómo los entendemos realmente, cómo los adaptamos a la idiosincrasia de nuestra región y cómo establecemos los objetivos y planificamos su logro. Si bien los ODS son el marco a partir del cual se estructura la Estrategia Regional de Desarrollo Maule 2042, existen enfoques conceptuales específicos que permiten adaptar a la realidad regional las directrices que propone la Agenda 2030. El desarrollo social incl… | [Objetivos de Desarrollo Sostenible] …das (ONU) el año 2015, constituye una verdadera herramienta de prevención y, a su vez, de despliegue en múltiples niveles de los valores ONU. La aspiración transformadora y la aplicabilidad universal de esta agenda, que se implementa a través de los Objetivos de Desarrollo Sostenible (ODS), propone a los Estados miembros mantenerse firmes con los requisitos internacionales de protección de los derechos humanos, eliminando las desigualdades de género y todas las formas de discriminación, para garantizar que nadie se quede atrás. …"
AB083-ER-p13,AB083,Maule,ERD,13,"Objetivos de Desarrollo Sostenible, Agenda 2030",,,"[Objetivos de Desarrollo Sostenible] …Estrategia Regional de Desarrollo Maule 2042 – Documento Consolidado 7 alineamiento con los Objetivos de Desarrollo Sostenible y las metas de la Agenda 2030 para el desarrollo. También se realizó un análisis de integración y coherencia con las políticas e instancias de nivel nacional, de tal forma que, a futuro el Gobierno Regional pueda articular las actuaciones con las di… | [Agenda 2030] …Estrategia Regional de Desarrollo Maule 2042 – Documento Consolidado 7 alineamiento con los Objetivos de Desarrollo Sostenible y las metas de la Agenda 2030 para el desarrollo. También se realizó un análisis de integración y coherencia con las políticas e instancias de nivel nacional, de tal forma que, a futuro el Gobierno Regional pueda articular las actuaciones con las directrices nacionales. Finalmen…"
AB083-ER-p40,AB083,Maule,ERD,40,"ODS, Objetivos de Desarrollo Sostenible, Agenda 2030",,,"[ODS] … un mejor y mayor desarrollo y se han superado ya los déficits importantes en áreas como las infraestructuras viales, portuarias, de emergencia, etc. En el marco de los compromisos internacionales derivados de los Objetivos de Desarrollo Sostenible (ODS) de la Agenda 2030, se vienen abordando en la Región numerosos proyectos de generación eléctrica relacionados con la tecnología solar fotovoltaica, lo que ha permitido que el peso de las energías limpias en el mix energético regional haya crecido su… | [ODS] …trica relacionados con la tecnología solar fotovoltaica, lo que ha permitido que el peso de las energías limpias en el mix energético regional haya crecido sustancialmente. En 2023, la región se encontraba en un punto crítico en el cual alcanzar los ODS al 2030 se veía cada día más lejano, por lo que aprovechó la oportunidad para incorporar modelos de gestión territorial sostenibles que habían tenido éxito en otros lugares. Así, se consigue posicionar una parte importante de la región como un Geopa… | [Objetivos de Desarrollo Sostenible] …la Región son relevantes para lograr un mejor y mayor desarrollo y se han superado ya los déficits importantes en áreas como las infraestructuras viales, portuarias, de emergencia, etc. En el marco de los compromisos internacionales derivados de los Objetivos de Desarrollo Sostenible (ODS) de la Agenda 2030, se vienen abordando en la Región numerosos proyectos de generación eléctrica relacionados con la tecnología solar fotovoltaica, lo que ha permitido que el peso de las energías limpias en el mix energético regional haya creci…"
AB083-ER-p42,AB083,Maule,ERD,42,"ODS, Objetivos de Desarrollo Sostenible, Agenda 2030",,,"[ODS] …tructuras sanitarias, especialmente en las zonas más alejadas de los núcleos urbanos. Las energías limpias han experimentado un gran impulso desde principios de la década de 2020, gracias a los compromisos por los Objetivos de Desarrollo Sostenible (ODS) de la Agenda 2030, y especialmente en el caso de la energía solar fotovoltaica. No obstante, en la mayoría de los casos se trata de grandes parques fotovoltaicos propiedad de fondos de inversión extranjeros que aprovechan la abundancia de suelo rur… | [Objetivos de Desarrollo Sostenible] …tención de emergencias o las infraestructuras sanitarias, especialmente en las zonas más alejadas de los núcleos urbanos. Las energías limpias han experimentado un gran impulso desde principios de la década de 2020, gracias a los compromisos por los Objetivos de Desarrollo Sostenible (ODS) de la Agenda 2030, y especialmente en el caso de la energía solar fotovoltaica. No obstante, en la mayoría de los casos se trata de grandes parques fotovoltaicos propiedad de fondos de inversión extranjeros que aprovechan la abundancia de suel… | [Agenda 2030] …anitarias, especialmente en las zonas más alejadas de los núcleos urbanos. Las energías limpias han experimentado un gran impulso desde principios de la década de 2020, gracias a los compromisos por los Objetivos de Desarrollo Sostenible (ODS) de la Agenda 2030, y especialmente en el caso de la energía solar fotovoltaica. No obstante, en la mayoría de los casos se trata de grandes parques fotovoltaicos propiedad de fondos de inversión extranjeros que aprovechan la abundancia de suelo rural disponible por e…"
AB083-ER-p60,AB083,Maule,ERD,60,Agenda 2030,,,"[Agenda 2030] …Estrategia Regional de Desarrollo Maule 2042 – Documento Consolidado 54 3.2 La importancia de los valores de la ONU y la Agenda 2030 para la Estrategia 3.2.1 Vinculación con los valores de la ONU Todas las personas tenemos un conjunto de valores que nacen de nuestros contextos familiares, sociales, culturales, religiosos y políticos, algunos de los cuales corresponden a marcos má…"
AB083-ER-p61,AB083,Maule,ERD,61,"ODS, Objetivos de Desarrollo Sostenible, Agenda 2030",,,"[ODS] …su vez de despliegue multinivel de los valores ONU. La aspiración transformadora y la aplicabilidad universal de la Agenda 2030 para el Desarrollo Sostenible desafía a los Estados miembros de Naciones Unidas a mantenerse firmes para promover que los ODS se implementen con los requisitos internacionales de protección de los derechos humanos, eliminando las desigualdades de género y todas las formas de discriminación, para que nadie se queda atrás. La Estrategia es por lo tanto el marco idóneo e impr… | [ODS] … donde se puede y debe de impulsar el cumplimento de los valores universales ONU, actualizados en la Agenda para el Desarrollo Sostenible 2030, facilitando esa aspiración transformadora hacia un mundo mejor y más cohesionado. La contemplación de los ODS en la estrategia de planificación territorial nos pone en sintonía con esa Alianza Internacional que nos compromete a todos los niveles de la administración, a todo tipo de organizaciones y en última instancia a todas las personas que formamos parte… | [Objetivos de Desarrollo Sostenible] …Documento Consolidado 55 vigentes y es responsabilidad de los Estados respetarlos para el mantenimiento de la paz y seguridad internacionales y para el desarrollo sostenible a nivel económico, social y medioambiental. En este sentido, añadió que los Objetivos de Desarrollo Sostenible de la ONU, aprobados en 2015 constituyen una verdadera herramienta de prevención y a su vez de despliegue multinivel de los valores ONU. La aspiración transformadora y la aplicabilidad universal de la Agenda 2030 para el Desarrollo Sostenible desafí…"
AB083-ER-p62,AB083,Maule,ERD,62,"ODS, Agenda 2030",4 8 11 12,,"[ODS] …ia frente a los cambios globales de paradigma actuales y resulta esencial para la implementación de la Agenda. Aprovechar la arquitectura institucional existente contribuye a formar una base sólida para un seguimiento y revisión colaborativos de los ODS, fortaleciendo las capacidades de los países e identificando las tendencias regionales y las brechas en la implementación de la Agenda 2030. Esta arquitectura marca la pauta del seguimiento a nivel regional y promueve una relación transparente, coor… | [ODS] …niveles global, regional y nacional. Cabe señalar que la Agenda 2030 no cuenta con un Objetivo dedicado exclusivamente a cuestiones relacionadas con las culturas, las identidades y patrimonio. La ausencia de una alusión explícita a la cultura en los ODS ha sido objeto de un gran número de críticas por parte de un gran número de expertos del ámbito cultural en el panorama internacional, principalmente por el rol determinante de este ámbito en el desarrollo económico y social en las diferentes geogra… | [ODS] …mente por este motivo, son varias las iniciativas que han surgido a lo largo de los últimos años y que tienen como objetivo lograr una vinculación efectiva entre la cultura y la Agenda 2030. Si bien es cierto que las Naciones Unidas no establecen un ODS referido de manera exclusiva a las culturas, las identidades y el patrimonio, sí que vincula varios de los ODS a estos ámbitos, a través de las metas específicas que los vertebran. Claro ejemplo de ello puede encontrarse en la cuarta meta del ODS 11…"
AB083-ER-p65,AB083,Maule,ERD,65,"Objetivos de Desarrollo Sostenible, Agenda 2030",10,,"[Objetivos de Desarrollo Sostenible] … de la cohesión entre comunidades y culturas para alcanzar niveles satisfactorios en calidad de vida, sanidad y educación; y c) crecimiento económico, que genere riqueza equitativa para todos sin dañar el medioambiente.14 La Agenda 2030, que fija 17 Objetivos de Desarrollo Sostenible, exige una mirada de futuro y nuevas formas de realizar las actividades económicas, integrando la sostenibilidad en el diseño de las estrategias corporativas. Esto implica una mirada a la protección de la salud de las personas, el cuidado del medioa… | [Agenda 2030] …esarrollo social a través de la cohesión entre comunidades y culturas para alcanzar niveles satisfactorios en calidad de vida, sanidad y educación; y c) crecimiento económico, que genere riqueza equitativa para todos sin dañar el medioambiente.14 La Agenda 2030, que fija 17 Objetivos de Desarrollo Sostenible, exige una mirada de futuro y nuevas formas de realizar las actividades económicas, integrando la sostenibilidad en el diseño de las estrategias corporativas. Esto implica una mirada a la protección de…"
AB083-ER-p84,AB083,Maule,ERD,84,Agenda 2030,,11.4,"[Agenda 2030] …o Regional, la región cuenta con un Plan de Salvaguarda que clasifica los elementos patrimoniales en: Patrimonio Natural, Cultural Material, Cultural Inmaterial y Arqueológico, y visibiliza los 1.161 patrimonios culturales y naturales, así mismo, la agenda 2030 en el objetivo 11 meta 11.4 insta a realizar más esfuerzos para proteger y salvaguardar el patrimonio cultural y natural. Finalmente, el objetivo IV.2 procura apoyar al gremio de los artistas para mejorar su profesionalización, repercutiendo de form…"
AB083-ER-p85,AB083,Maule,ERD,85,Agenda 2030,,,"[Agenda 2030] … y calidad de servicios básicos, conectividad vial y conectividad digital, asimetrías que debieran disminuirse a través de las atribuciones de los Gobiernos Regionales en la planificación, administración y gestión del territorio. Alineado a esto, la Agenda 2030 objetivo 16 meta 7 insta a “garantizar la adopción en todos los niveles de decisiones inclusivas, participativas y representativas que respondan a las necesidades”. El objetivo V.2 busca impulsar la inserción del Maule a nivel interregional, naciona…"
AB083-ER-p87,AB083,Maule,ERD,87,Agenda 2030,,,"[Agenda 2030] … crecimiento integrador (fomento de una economía con un alto nivel de empleo que redunde en la cohesión económica, social y territorial), se establecieron vinculaciones de cada acción estratégica planteada con respecto a las metas establecidas en la Agenda 2030 de la ONU. Finalmente, las acciones estratégicas apuestan por un modelo de planificación integral, a través de la identificación las políticas nacionales y agentes sectoriales relevantes para la implementación de la Estrategia, con el objetivo de bu…"
AB083-ER-p94,AB083,Maule,ERD,94,"Objetivos de Desarrollo Sostenible, Agenda 2030",,,"[Objetivos de Desarrollo Sostenible] …ran potencial para productos de la región de forma sostenible revitalizar los paisajes rurales, para generar crecimiento inclusivo y para lograr un cambio positivo en el marco de la Agenda 2030. Es por ello esta una Acción totalmente vinculada a los Objetivos de Desarrollo Sostenible. Acción II.2.4: Política Pública regional que permita Desarrollar políticas públicas, instrumentos y servicios que permitan apoyar y mejorar la creación de nuevas apoyar y mejorar el apoyo a la creación de nuevas empresas innovadoras y de base tecno… | [Agenda 2030] …or comercial. Los procesos de transformación sostenibles tienen un gran potencial para productos de la región de forma sostenible revitalizar los paisajes rurales, para generar crecimiento inclusivo y para lograr un cambio positivo en el marco de la Agenda 2030. Es por ello esta una Acción totalmente vinculada a los Objetivos de Desarrollo Sostenible. Acción II.2.4: Política Pública regional que permita Desarrollar políticas públicas, instrumentos y servicios que permitan apoyar y mejorar la creación de nu…"
AB083-ER-p95,AB083,Maule,ERD,95,Objetivos de Desarrollo Sostenible,,,"[Objetivos de Desarrollo Sostenible] …ONALES ACCIONES ESTRATÉGICAS DETALLE Acción II.3.6: Impulsar la descarbonización de la Las actividades económicas sostenibles con base en la descarbonización suponen una nueva oportunidad para economía como oportunidad para la creación de lograr los objetivos de desarrollo sostenible, así como para generar un crecimiento económico sostenido y nueva actividad económica y empleo mayor generación de empleo. Reforzar y generar los vínculos entre los agentes regionales implicados en la producción, de cara a consolidad y Acción II.3.7…"
AB083-ER-p124,AB083,Maule,ERD,124,Agenda 2030,5,,"[Agenda 2030] …la perspectiva de género en todas sus políticas y acciones. Se trata de impulsar y reforzar un proceso de integración de la perspectiva de género en la actuación general de la administración pública regional. En consonancia y relación directa con la Agenda 2030 para el desarrollo sostenible, la Gobernanza responderá al Objetivo 5. Lograr la igualdad de género y empoderar a todas las mujeres y las niñas.…"
AB083-ER-p137,AB083,Maule,ERD,137,"ODS, Objetivos de Desarrollo Sostenible",,,[ODS] …uto Nacional de Estadísticas ISAPRES: Institución de Salud Previsional ISOMA: Informe Socioeconómico del Maule I+D: Investigación y Desarrollo MINVU: Ministerio de Vivienda y Urbanismo OCDE: Organización para la Cooperación y el Desarrollo Económico ODS: Objetivo de Desarrollo Sostenible OMS: Organización Mundial de la Salud SENAPRED: Servicio Nacional de Prevención y respuesta ante desastres ONU: Organización de Naciones Unidas PDI: Policía de Investigaciones Científicas PLADECO: Plan de Desarroll… | [Objetivos de Desarrollo Sostenible] …acional de Estadísticas ISAPRES: Institución de Salud Previsional ISOMA: Informe Socioeconómico del Maule I+D: Investigación y Desarrollo MINVU: Ministerio de Vivienda y Urbanismo OCDE: Organización para la Cooperación y el Desarrollo Económico ODS: Objetivo de Desarrollo Sostenible OMS: Organización Mundial de la Salud SENAPRED: Servicio Nacional de Prevención y respuesta ante desastres ONU: Organización de Naciones Unidas PDI: Policía de Investigaciones Científicas PLADECO: Plan de Desarrollo Comunal PLEO: Plan Estratégico de…
AB083-ER-p139,AB083,Maule,ERD,139,"ODS, Objetivos de Desarrollo Sostenible, Agenda 2030",,,"[ODS] …gar?idNorma=13662 ▪ Dirección General de Aguas (DGA). (s.f.). Información Oficial Hidrometeorológica y de Calidad de Aguas en Línea. https://snia.mop.gob.cl/BNAConsultas/reportes ▪ FAO. “Transformar la alimentación y la agricultura para alcanzar los ODS”. https://www.fao.org/3/I9900es/i9900es.pdf ▪ Fundación Chile. Radiografía del Agua: Brecha y Riesgo Hídrico en Chile., Santiago, (2018). ▪ Fundación País Digital (2020). “Brecha en el uso de internet. Desigualdad digital en el 2020”. https://s3.ama… | [Objetivos de Desarrollo Sostenible] … Económico Territorial en América Latina"". ▪ CEPAL. Planificación Estratégica y gestión pública por Objetivos. Fernando Sánchez, CEPAL 2003 https://repositorio.cepal.org/bitstream/handle/11362/7284/S033145_es.pdf?se ▪ CEPAL (2017). Agenda 2030 y los Objetivos de Desarrollo Sostenible. Una oportunidad para América Latina y el Caribe. ▪ Comisión Económica para América Latina y el Caribe (CEPAL). (12 de diciembre de 2018). Inclusión social, económica y política de las personas mayores. https://www.cepal.org/es/enfoques/inclusion-so… | [Agenda 2030] …para el Desarrollo Económico Territorial en América Latina"". ▪ CEPAL. Planificación Estratégica y gestión pública por Objetivos. Fernando Sánchez, CEPAL 2003 https://repositorio.cepal.org/bitstream/handle/11362/7284/S033145_es.pdf?se ▪ CEPAL (2017). Agenda 2030 y los Objetivos de Desarrollo Sostenible. Una oportunidad para América Latina y el Caribe. ▪ Comisión Económica para América Latina y el Caribe (CEPAL). (12 de diciembre de 2018). Inclusión social, económica y política de las personas mayores. https…"
AB083-ER-p140,AB083,Maule,ERD,140,"Objetivos de Desarrollo Sostenible, Agenda 2030",,,"[Objetivos de Desarrollo Sostenible] …e (2015). Atlas territorial Región del Maule, Programa de Gestión Territorial para zonas rezagadas. https://www.academia.edu/36453862/Atlas_Territorial_Maule ▪ Gobierno de Chile (2017). Informe de diagnóstico e implementación de la agenda 2030 y los objetivos de desarrollo sostenible en Chile. ▪ Gobierno Regional del Maule (2020). Política Pública de Turismo de la Región del Maule. https://www.goremaule.cl/goremauleVII/wp-content/uploads/2021/05/Informe-FinalPolitica-Publica-de-Turismo-Region-del-Maule.pdf ▪ Gobierno Regional de… | [Agenda 2030] …o Regional de Maule (2015). Atlas territorial Región del Maule, Programa de Gestión Territorial para zonas rezagadas. https://www.academia.edu/36453862/Atlas_Territorial_Maule ▪ Gobierno de Chile (2017). Informe de diagnóstico e implementación de la agenda 2030 y los objetivos de desarrollo sostenible en Chile. ▪ Gobierno Regional del Maule (2020). Política Pública de Turismo de la Región del Maule. https://www.goremaule.cl/goremauleVII/wp-content/uploads/2021/05/Informe-FinalPolitica-Publica-de-Turismo-Re… | [Agenda 2030] …mercado laboral y los efectos de la crisis sanitaria en la autonomía económica de las mujeres. CEPAL. https://www.cepal.org/sites/default/files/presentations/presentacion_aguezmes_180121.pdf ▪ Huenchuan, S. (2018). Envejecimiento, personas mayores y Agenda 2030 para el Desarrollo Sostenible: perspectiva regional y de derechos humanos. https://www.cepal.org/es/publicaciones/44369-envejecimiento-personas-mayores-agenda2030-desarrollo-sostenible-perspectiva ▪ Instituto Nacional de Estadísticas (INE). (s.f.) P…"
AB083-ER-p142,AB083,Maule,ERD,142,Objetivos de Desarrollo Sostenible,,,"[Objetivos de Desarrollo Sostenible] …lo, Vulnerabilidad del Territorio e Incendios Forestales. El Caso de Estudio Las Máquinas, Región del Maule, Chile. Universidad Autónoma de Barcelona. https://ddd.uab.cat/pub/trerecpro/2019/hdl_2072_367596/TFM_PriscilaRamirezAliaga.pdf ▪ REDS (2021) Objetivos de desarrollo sostenible y sus metas desde la perspectiva cultural. https://culturasostenible.org/wp/wp-content/uploads/2022/02/Objetivos-de-desarrollosostenible-y-sus-metas-desde-la-perspectiva-cultural-REDS_SDSN-Spain.pdf ▪ Revista Administración Pública. Participación de…"
AB083-ER-p143,AB083,Maule,ERD,143,"ODS, Agenda 2030",,,"[ODS] …l Desarrollo Sostenible. https://unctad.org/system/files/official-document/ares70d1_es.pdf ▪ UNESCO (2016) Cultura: Futuro Urbano. https://es.unesco.org/creativity/publication/cultura-futuro-urbano ▪ UNESCO (2018) La cultura, elemento central de los ODS. https://es.unesco.org/courier/april-june-2017/cultura-elemento-central-ods ▪ Unión Europea (2016). “Guía para la gobernanza multinivel para autoridades públicas locales y regionales”. ▪ United States Institute of Peace (2009). Guiding Principles fo… | [Agenda 2030] …, Queiroz Bernardo, L. (2009). Antes de que sea demasiado tarde: transición demográfica, mano de obra disponible y problemas de la seguridad social en el Brasil. https://repositorio.cepal.org/handle/11362/12838 ▪ UNCTAD.Transformar nuestro mundo: la Agenda 2030 para el Desarrollo Sostenible. https://unctad.org/system/files/official-document/ares70d1_es.pdf ▪ UNESCO (2016) Cultura: Futuro Urbano. https://es.unesco.org/creativity/publication/cultura-futuro-urbano ▪ UNESCO (2018) La cultura, elemento central …"
AB083-ER-p148,AB083,Maule,ERD,148,"Objetivos de Desarrollo Sostenible, Agenda 2030",,,"[Objetivos de Desarrollo Sostenible] …minar barreras en las políticas públicas para mejorar las oportunidades de las mujeres. 6. La sostenibilidad ha sido considerada ampliamente por los participantes como una oportunidad relevante para la futura Estrategia. Diseñar una ERD acorde a los Objetivos de Desarrollo Sostenible y considerando la Agenda 2030, con metas acordes a las posibilidades de la región, puede ser una oportunidad. 7. La futura Estrategia tiene que ser un mecanismo de la región que impacte y favorezca el cambio cultural de la sociedad. Para ello es ind… | [Agenda 2030] … las oportunidades de las mujeres. 6. La sostenibilidad ha sido considerada ampliamente por los participantes como una oportunidad relevante para la futura Estrategia. Diseñar una ERD acorde a los Objetivos de Desarrollo Sostenible y considerando la Agenda 2030, con metas acordes a las posibilidades de la región, puede ser una oportunidad. 7. La futura Estrategia tiene que ser un mecanismo de la región que impacte y favorezca el cambio cultural de la sociedad. Para ello es indispensable realizar actividade…"
AB083-ER-p167,AB083,Maule,ERD,167,Agenda 2030,,,"[Agenda 2030] …nero, poniendo énfasis en ➢ Ministerio de Desarrollo Social ➢ Servicio Nacional de Protección especializada ➢ Plan Buen Vivir la población históricamente excluida y de las zonas con menores índices y Familia a la Niñez y Adolescencia - Mejor Niñez ➢ Agenda 2030 de desarrollo. ➢ Ministerio de Justicia y ➢ Instituto Nacional de la Juventud (INJUV) ➢ Plan Nacional de Derechos Humanos Derechos Humanos ➢ Corporación Nacional de Desarrollo Indígena ➢ Plan Buen Vivir Objetivo I.7: Proporcionar mayor seguridad en …"
AB085-ER-p8,AB085,La Araucanía,ERD,8,"ODS, Objetivos de Desarrollo Sostenible",,,"[ODS] …esentan mecanismos de gobernanza y seguimiento que garantizan la implementación efectiva de la estrategia, asegurando la alineación con los compromisos, políticas y normativas nacionales y globales, tales como los Objetivos de Desarrollo Sostenible (ODS). Asimismo, se abordan aspectos clave como la identidad regional, el desarrollo productivo sostenible y la gestión del territorio, resaltando la importancia del pueblo mapuche en la configuración de la identidad y cohesión social de la región.… | [Objetivos de Desarrollo Sostenible] …os escenarios futuros. Además, se presentan mecanismos de gobernanza y seguimiento que garantizan la implementación efectiva de la estrategia, asegurando la alineación con los compromisos, políticas y normativas nacionales y globales, tales como los Objetivos de Desarrollo Sostenible (ODS). Asimismo, se abordan aspectos clave como la identidad regional, el desarrollo productivo sostenible y la gestión del territorio, resaltando la importancia del pueblo mapuche en la configuración de la identidad y cohesión social de la región.…"
AB085-ER-p120,AB085,La Araucanía,ERD,120,"ODS, Objetivos de Desarrollo Sostenible",,,"[ODS] …, se han considerado en un segundo nivel de análisis, los compromisos país que tenemos como parte de la agenda global, fundamentalmente en materia de derechos humanos y cambio climático, revisando y vinculando los Objetivos de Desarrollo Sostenible (ODS) y la Política Nacional para la Reducción del Riesgo de Desastres (Figura 44). Figura 44. Vinculación de los Lineamientos Estratégicos Regionales, con los ODS y la Política Nacional para la Reducción del Riesgo de Desastres.… | [ODS] …humanos y cambio climático, revisando y vinculando los Objetivos de Desarrollo Sostenible (ODS) y la Política Nacional para la Reducción del Riesgo de Desastres (Figura 44). Figura 44. Vinculación de los Lineamientos Estratégicos Regionales, con los ODS y la Política Nacional para la Reducción del Riesgo de Desastres.… | [Objetivos de Desarrollo Sostenible] …ARROLLO Araucanía 2040 Por otro lado, se han considerado en un segundo nivel de análisis, los compromisos país que tenemos como parte de la agenda global, fundamentalmente en materia de derechos humanos y cambio climático, revisando y vinculando los Objetivos de Desarrollo Sostenible (ODS) y la Política Nacional para la Reducción del Riesgo de Desastres (Figura 44). Figura 44. Vinculación de los Lineamientos Estratégicos Regionales, con los ODS y la Política Nacional para la Reducción del Riesgo de Desastres.…"
AB086-ER-p79,AB086,Los Ríos,ERD,79,Objetivos de Desarrollo Sostenible,,,"[Objetivos de Desarrollo Sostenible] …do lo que constituye nuestro ser y configura nuestra identidad. Hacer de la cultura un elemento central de las políticas de desarrollo es el único medio de garantizar que éste se centre en el ser humano y sea inclusivo y equitativo. Si agrupamos los Objetivos de Desarrollo Sostenible en torno a los tres pilares fundamentales del desarrollo sostenible –el económico, el social y el medioambiental– nos percatamos de que la cultura y la creatividad desempeñan un papel transversal en todos ellos. A su vez, los aspectos económicos, so…"
AB086-ER-p119,AB086,Los Ríos,ERD,119,Objetivos de Desarrollo Sostenible,5,,"[Objetivos de Desarrollo Sostenible] …ón, División de Planificación y Desarrollo Regional. “Protocolo para el Levantamiento de Datos de Género en Instrumentos de Planificación”. Diciembre de 2020. Gobierno Regional Los Ríos. Chile. Declaración Asamblea General de la ONU, 12 agosto 2015. Objetivos de Desarrollo Sostenible. BJETIA/69/L.85. http://www.un.org/es/comun/docs/?symbol=A/69/L.85 Plan de acción de la UNESCO para la prioridad “Igualdad de género” (2014-2021), http://unesdoc.unesco.org/images/0022/002272/227222s.pdf Ministerio de la Mujer y la Equidad de Género…"
AB087-ER-p70,AB087,Los Lagos,ERD,70,"ODS, Objetivos de Desarrollo Sostenible",,,"[ODS] …Estrategia Regional de Desarrollo Los Lagos 2030 Los cinco temas planteados se relacionan con macro objetivos de escala global que comprometen al país, tales como los Objetivos del Desarrollo Sustentable (ODS) y las recomendaciones de la OCDE, así como aquellos de escala nacional adscritos a la Política Nacional de Ordenamiento Territorial, los Factores Críticos de Decisión desarrollados en la etapa de diagnóstico integral, el programa del Gobierno Regio… | [Objetivos de Desarrollo Sostenible] …Estrategia Regional de Desarrollo Los Lagos 2030 Los cinco temas planteados se relacionan con macro objetivos de escala global que comprometen al país, tales como los Objetivos del Desarrollo Sustentable (ODS) y las recomendaciones de la OCDE, así como aquellos de escala nacional adscritos a la Política Nacional de Ordenamiento Territorial, los Factores Críticos de Decisión desarrollados en la etapa de diagnóstico integral, el programa del Gobierno …"
AB089-ER-p35,AB089,Magallanes,ERD,35,"ODS, Objetivos de Desarrollo Sostenible",6 8,,"[ODS] … metodológico y de participación ciudadana La construcción de esta ERD asumió como marco transversal la Agenda de Desarrollo Sostenible 2030 propuesta por la Organización de las Naciones Unidas, a través de los 17 Objetivos de Desarrollo Sostenible (ODS). En tanto miembro de la ONU, nuestro país asume desde 2015 el compromiso con el cumplimiento del programa de desarrollo sostenible en materias consideradas claves para “poner fin a la pobreza, proteger el planeta y garantizar que para el 2030 todas… | [ODS] …laves para “poner fin a la pobreza, proteger el planeta y garantizar que para el 2030 todas las personas disfruten de paz y prosperidad”13. Por este motivo, cada objetivo de la ERD se relaciona con 13 La Agenda para el Desarrollo uno o más de los 17 ODS. Sostenible”, Naciones Unidas, https:// www.un.org/sustainabledevelopment/es/ development-agenda/ Fin de la Hambre Salud y pobreza cero bienestar → Artesanía Yagan, Villa Ukika, 1 2 3 Puerto Williams. sobre temas y aspectos no contenidos en ellas, L… | [Objetivos de Desarrollo Sostenible] …nal de desarrollo 2023-2030 contexto metodológico y de participación ciudadana La construcción de esta ERD asumió como marco transversal la Agenda de Desarrollo Sostenible 2030 propuesta por la Organización de las Naciones Unidas, a través de los 17 Objetivos de Desarrollo Sostenible (ODS). En tanto miembro de la ONU, nuestro país asume desde 2015 el compromiso con el cumplimiento del programa de desarrollo sostenible en materias consideradas claves para “poner fin a la pobreza, proteger el planeta y garantizar que para el 2030 …"
