codigo,gore,fuente,origen,fecha_revision_utc,archivo,paginas,caracteres_por_pagina,metodo,n_ODS,n_Objetivos de Desarrollo Sostenible,n_Agenda 2030,n_ODS 16,n_desarrollo sostenible,n_sostenibilidad,n_Naciones Unidas,paginas_con_termino_nucleo,ods_nombrados,metas_citadas,ods_candidatos_todo_el_documento,estado
AB075,Arica y Parinacota,Cuenta pública,https://www.gorearicayparinacota.cl/goreayp/site/docs/20260309/20260309134718/cuentapublica2025.pdf,2026-09-29T20:57:28Z,AB075_cuenta_publica_56c73e11.pdf,91,2778,texto,0,0,0,0,2,17,0,0,,,,Sin mención
AB075,Arica y Parinacota,ERD,https://opia.fia.cl/601/articles-123876_archivo_01.pdf,2026-09-29T20:57:42Z,AB075_erd_1af7d34c.pdf,180,1905,texto,4,5,6,0,12,6,7,4,1,1.1 1.2 1.3,1 2 3 4 5 6 7 8 9 10 11 12 13 14 15 16 17,Con mención (codificar pasajes)
AB076,Tarapacá,Cuenta pública,https://www.goretarapaca.gov.cl/wp-content/uploads/2026/05/CUENTA-PUBLICA-GORE-2025-1.pdf,2026-09-29T20:58:07Z,AB076_cuenta_publica_fb7ced7d.pdf,145,1050,texto,0,0,0,0,0,5,0,0,,,,Sin mención
AB076,Tarapacá,ERD,https://www.goretarapaca.gov.cl/wp-content/uploads/2024/04/Documento-ERD-Tarapaca%CC%81-2023_vf.pdf,2026-09-29T20:58:19Z,AB076_erd_a12dcba9.pdf,98,1865,texto,0,0,0,0,0,3,1,0,,,3,Sin mención
AB077,Antofagasta,Cuenta pública,https://goreantofagasta.cl/goreantofagasta/site/artic/20260204/asocfile/20260204211006/cuenta_publica_2024.pdf,2026-09-29T20:58:32Z,AB077_cuenta_publica_f98202e1.pdf,62,422,texto,0,1,0,0,3,0,2,1,,,,Con mención (codificar pasajes)
AB077,Antofagasta,ERD,https://goreantofagasta.cl/goreantofagasta/site/artic/20161006/asocfile/20161006170042/estrategia_2009_2020.pdf,2026-09-29T20:58:53Z,AB077_erd_1d5a1bde.pdf,120,1014,texto,0,0,0,0,2,0,0,0,,,,Sin mención
AB078,Atacama,Cuenta pública,https://goreatacama.gob.cl/wp-content/uploads/2026_05_28_Cuenta_Publica_2026.pdf,2026-09-29T20:58:58Z,AB078_cuenta_publica_42806063.pdf,99,2650,texto,0,0,0,0,11,32,0,0,,,,Sin mención
AB078,Atacama,ERD,https://goreatacama.gob.cl/wp-content/uploads/2024_08_01_ERDA_2024_2034_VERSION_INAL.pdf,2026-09-29T20:59:10Z,AB078_erd_7c102a96.pdf,91,2875,texto,1,1,1,0,27,23,2,1,,,,Con mención (codificar pasajes)
AB079,Coquimbo,Cuenta pública,https://www.gorecoquimbo.cl/CP2025/Cuenta_Publica_Gestion_2025.pdf,2026-09-29T20:59:21Z,AB079_cuenta_publica_408fbc79.pdf,39,532,texto,0,0,0,0,0,0,0,0,,,,Sin mención
AB079,Coquimbo,ERD,https://www.gorecoquimbo.cl/gore/site/docs/20251128/20251128143713/libro_erd2030.pdf,2026-09-29T20:59:22Z,AB079_erd_f354e8bd.pdf,168,1575,texto,13,4,3,0,10,4,2,13,3 4 6 7 8 11 15,2.3 2.4,8 11,Con mención (codificar pasajes)
AB080,Valparaíso,Cuenta pública,https://www.gobiernovalparaiso.cl/administracion/archivo/archivoDocumento/2026/documento20260529103401.pdf,2026-09-29T21:00:18Z,AB080_cuenta_publica_a24648fa.pdf,49,574,texto,0,0,0,0,0,0,0,0,,,,Sin mención
AB080,Valparaíso,ERD,https://www.gobiernovalparaiso.cl/administracion/archivo/archivoDocumento/general/ESTRATEGIA_REGIONAL_DE_DESARROLLO_2025_2035.pdf,2026-09-29T21:00:21Z,AB080_erd_5c5bfd1c.pdf,148,1637,texto,14,7,2,1,20,16,5,8,1 2 3 4 5 6 7 8 9 10 11 12 13 14 15 16 17,,1 2 3 4 5 6 7 8 9 10 11 12 13 14 15 16 17,Con mención (codificar pasajes)
AB081,Metropolitana,Cuenta pública,archivo manual,2026-09-29T21:01:43Z,AB081_cuenta_publica.pdf,45,2826,texto,0,0,0,0,1,9,2,0,,,,Sin mención
AB081,Metropolitana,ERD,archivo manual,2026-09-29T21:01:59Z,AB081_erd.pdf,79,3296,texto,11,1,0,1,7,16,1,2,3 4 5 6 7 8 9 10 11 12 13 14 15 16 17,,3 4 5 6 7 8 9 10 11 12 13 14 15 16 17,Con mención (codificar pasajes)
AB082,O'Higgins,Cuenta pública,https://www.goreohiggins.cl/cuentapublica/CuentaPublica2025_v2.pdf,2026-09-29T21:02:11Z,AB082_cuenta_publica_e344a72e.pdf,63,2768,texto,0,0,0,0,1,12,0,0,,,,Sin mención
AB082,O'Higgins,ERD,https://www.goreohiggins.cl/images/diplade/erd/estrategia-regional-desarrollo-2024-2036.pdf,2026-09-29T21:02:18Z,AB082_erd_41cfc37d.pdf,100,2884,texto,0,0,0,0,7,36,2,0,,,2 4 9,Sin mención
AB083,Maule,Cuenta pública,archivo manual,2026-09-29T21:02:39Z,AB083_cuenta_publica.pdf,90,2315,texto,0,0,0,0,5,28,0,0,,,,Sin mención
AB083,Maule,ERD,https://www.goremaule.cl/goremauleVII/wp-content/uploads/2023/04/Documento-Consolidado-de-la-ERD-Maule-2042.pdf,2026-09-29T21:02:48Z,AB083_erd_6a8c4c05.pdf,186,3319,texto,22,17,34,0,39,23,9,23,4 5 8 10 11 12,11.4,2 4 5 6 7 8 9 11 12,Con mención (codificar pasajes)
AB084,Biobío,Cuenta pública,"solo video, sin documento: video: la cuenta pública 2025 se publicó solo como video en YouTube (revisado 29-09-2026)",2026-09-29T21:03:16Z,,,,,,,,,,,,,,,,Solo video
AB084,Biobío,ERD,https://gorebiobio.cl/wp-content/uploads/2019/01/Estrategia-Regional-de-Desarrollo-2015-2030-aprobada-CORE-19-08-2015.pdf,2026-09-29T21:03:16Z,AB084_erd_20cc00b5.pdf,31,1267,texto,0,0,0,0,0,0,0,0,,,,Sin mención
AB085,La Araucanía,Cuenta pública,no descargable: https://gorearaucania.cl/noticias/2026-05-28/gobernador-rene-saffirio-destaca-ejecucion-historica-del-96-y-transparencia-institucional-en-su-cuenta-pu,2026-09-29T21:03:43Z,,,,,,,,,,,,,,,,No disponible
AB085,La Araucanía,ERD,https://drive.google.com/file/d/1M8MSDkl266PpgDlU2LiIdMtbJCA0IPwJ/view,2026-09-29T21:03:44Z,AB085_erd_7c72d693.pdf,218,1865,texto,3,2,0,0,12,14,1,2,,,,Con mención (codificar pasajes)
AB086,Los Ríos,Cuenta pública,https://www.goredelosrios.cl/wp-content/uploads/2026/06/Discurso-Cuenta-Publica-2025-Gobierno-Regional-de-Los-Rios-1.pdf,2026-09-29T21:04:05Z,AB086_cuenta_publica_880e5486.pdf,31,2268,texto,0,0,0,0,1,2,1,0,,,,Sin mención
AB086,Los Ríos,ERD,https://comunidadcreativalosrios.cultura.gob.cl/wp-content/uploads/2023/04/2023.02.03-erd-documento-de-aprobacion-core-03.02.23-para-distribucion.pdf,2026-09-29T21:04:40Z,AB086_erd_bc40fde2.pdf,121,2481,texto,0,2,0,0,13,9,0,2,5,,,Con mención (codificar pasajes)
AB087,Los Lagos,Cuenta pública,"solo video, sin documento: video: la cuenta pública 2025 se publicó solo como video en YouTube (revisado 29-09-2026)",2026-09-29T21:04:54Z,,,,,,,,,,,,,,,,Solo video
AB087,Los Lagos,ERD,https://goreloslagos.cl/storage/web/pages/documents/01KJ2Y01G6FFAW58G8EJB2WGPG.pdf,2026-09-29T21:04:54Z,AB087_erd_1f238514.pdf,186,1717,texto,1,1,0,0,1,0,0,1,,,4,Con mención (codificar pasajes)
AB088,Aysén,Cuenta pública,https://www.goreaysen.cl/wp-content/uploads/2026/06/CuentaPublica_28_MAYO.pdf,2026-09-29T21:05:17Z,AB088_cuenta_publica_ead1119b.pdf,66,132,texto (OCR no disponible: ModuleNotFoundError),0,0,0,0,0,0,0,0,,,,Sin mención
AB088,Aysén,ERD,archivo manual,2026-09-29T21:05:54Z,AB088_erd.pdf,114,3981,texto,0,0,0,0,1,0,3,0,,,4 6 8 10,Sin mención
AB089,Magallanes,Cuenta pública,https://www.goremagallanes.cl/wp-content/uploads/2026/07/Cuenta-2026_219_ENTREGA-GORE_Final.pdf,2026-09-29T21:06:16Z,AB089_cuenta_publica_913415fb.pdf,148,214,texto (OCR no disponible: ModuleNotFoundError),0,0,0,0,1,1,0,0,,,,Sin mención
AB089,Magallanes,ERD,https://www.goremagallanes.cl/wp-content/uploads/2025/09/Estrategia-Regional-de-Desarrollo-2023-2030.pdf,2026-09-29T21:06:27Z,AB089_erd_73b3e870.pdf,90,3935,texto,2,1,0,0,4,9,4,1,6 8,,1 2 3 4 5 6 7 8 9 10 11 12 13 14 15 16 17,Con mención (codificar pasajes)
AB098,Ñuble,Cuenta pública,https://goredenuble.cl/wp-content/uploads/2026/05/cuenta-2026-final-22.pdf,2026-09-29T21:06:42Z,AB098_cuenta_publica_52d82735.pdf,68,956,texto,0,0,0,0,1,2,0,0,,,,Sin mención
AB098,Ñuble,ERD,https://goredenuble.cl/wp-content/uploads/2024/01/ERD-FINAL.pdf,2026-09-29T21:06:50Z,AB098_erd_901f4690.pdf,24,947,texto,0,0,0,0,0,0,0,0,,,,Sin mención
