codigo,gore,A,B,C,D1,D2,D3,E,F,G,H,I,J,K,L,M,indice
AB075,Arica y Parinacota,EX,OK,OK,OK,OK,OK,OK,OK,OK,OK,OK,OK,EX,OK,OK,100.0
AB076,Tarapacá,EX,OK,OK,OK,OK,OK,OK,OK,SD,OK,SD,OK,EX,SD,OK,80.0
AB077,Antofagasta,EX,OK,OK,OK,OK,OK,OK,OK,OK,OK,OK,OK,EX,SD,OK,93.3
AB078,Atacama,EX,OK,OK,OK,OK,OK,OK,OK,OK,OK,SD,OK,EX,SD,OK,86.7
AB079,Coquimbo,EX,OK,OK,OK,OK,OK,EX,OK,OK,OK,OK,OK,OK,SD,OK,93.3
AB080,Valparaíso,EX,OK,OK,OK,OK,OK,OK,OK,OK,OK,SD,OK,EX,SD,OK,86.7
AB081,Metropolitana,EX,OK,OK,OK,OK,OK,OK,OK,OK,OK,SD,OK,SD,OK,OK,86.7
AB082,O'Higgins,EX,OK,OK,OK,OK,OK,OK,OK,OK,OK,SD,OK,EX,SD,OK,86.7
AB083,Maule,EX,OK,OK,OK,OK,OK,OK,OK,OK,OK,OK,OK,EX,OK,SD,93.3
AB098,Ñuble,EX,OK,OK,OK,OK,OK,OK,OK,EX,OK,SD,OK,EX,OK,SD,86.7
AB084,Biobío,EX,OK,OK,OK,OK,OK,OK,OK,OK,EX,OK,OK,EX,OK,OK,100.0
AB085,La Araucanía,OK,OK,OK,OK,OK,OK,OK,OK,OK,OK,SD,OK,SD,OK,OK,86.7
AB086,Los Ríos,EX,OK,OK,OK,OK,OK,EX,OK,OK,OK,OK,OK,ER,OK,OK,93.3
AB087,Los Lagos,OK,OK,OK,OK,OK,OK,OK,OK,OK,OK,SD,OK,OK,OK,OK,93.3
AB088,Aysén,OK,OK,OK,OK,OK,OK,EX,OK,OK,OK,SD,OK,EX,SD,OK,86.7
AB089,Magallanes,EX,OK,OK,OK,OK,OK,OK,OK,OK,OK,OK,OK,EX,SD,OK,93.3
