codigo,gore,categoria,nombre_categoria,estado,evidencia,ruta,intentos,fecha_hora_utc,segundos
AB075,Arica y Parinacota,A,Estructura orgánica,EX,1 archivo alojado en el Portal; primero: https://www.portaltransparencia.cl/PortalPdT/documents/10179/62801/organigramaGORE2025.png/7fb64f83-edd7-448b-8ea5-51603e63f556,Organigrama,2,2026-10-07T15:19:30Z,8.0
AB075,Arica y Parinacota,B,"Facultades, funciones y atribuciones",OK,19 filas × 7 col.,"Facultades, funciones y atribuciones de sus unidades u órganos internos",1,2026-10-07T15:19:34Z,4.2
AB075,Arica y Parinacota,C,Marco normativo,OK,9 filas × 10 col.,Marco Normativo,1,2026-10-07T15:19:37Z,3.7
AB075,Arica y Parinacota,D1,Personal de planta,OK,29 filas × 15 col.,Personal de Planta > Año 2026 > Agosto,1,2026-10-07T15:19:43Z,5.9
AB075,Arica y Parinacota,D2,Personal a contrata,OK,100 filas × 21 col.,Personal a Contrata > Año 2026 > Agosto,1,2026-10-07T15:19:50Z,6.4
AB075,Arica y Parinacota,D3,Personal a honorarios,OK,15 filas × 17 col.,Personas naturales contratadas a honorarios > Año 2026 > Agosto,1,2026-10-07T15:19:56Z,6.5
AB075,Arica y Parinacota,E,Compras y adquisiciones,OK,24 filas × 21 col.,Contrataciones relativas a Bienes Inmuebles y Otras Compras > Año 2026 > Compras de Bienes Muebles y Servicios,1,2026-10-07T15:20:03Z,6.9
AB075,Arica y Parinacota,F,Transferencias,OK,24 filas × 7 col.,Otras transferencias > AÑO 2026 > AGOSTO,2,2026-10-07T15:20:16Z,13.1
AB075,Arica y Parinacota,G,Actos con efectos sobre terceros,OK,50 filas × 13 col.,Actos y resoluciones con efectos sobre terceros > Año 2026 > Asignación Directa,1,2026-10-07T15:20:23Z,6.7
AB075,Arica y Parinacota,H,Trámites,OK,5 filas × 8 col.,Trámites ante el órgano,1,2026-10-07T15:20:27Z,3.8
AB075,Arica y Parinacota,I,Subsidios y beneficios,OK,3 filas × 12 col.,Subsidios y Beneficios Propios > Año 2026,1,2026-10-07T15:20:31Z,4.7
AB075,Arica y Parinacota,J,Participación ciudadana,OK,7 filas × 4 col.,Mecanismos de participación ciudadana,1,2026-10-07T15:20:35Z,3.8
AB075,Arica y Parinacota,K,Ejecución presupuestaria,EX,1 archivo alojado en el Portal; primero: https://www.portaltransparencia.cl/PortalPdT/documents/10179/62801/Funcionamiento+Agosto+2026.pdf/4dae102c-d6f2-4154-9886-674ad0f65fd9,Ejecución Presupuestaria > Año 2026 > Ejecución Presupuestaria Programa Funcionamiento,3,2026-10-07T15:20:47Z,11.3
AB075,Arica y Parinacota,L,Auditorías,OK,3 filas × 10 col.,Auditorías > Año 2025,1,2026-10-07T15:20:52Z,5.8
AB075,Arica y Parinacota,M,Vínculos institucionales,OK,7 filas × 7 col.,Entidades en que tenga participación o representación el organismo,1,2026-10-07T15:20:57Z,4.1
AB076,Tarapacá,A,Estructura orgánica,EX,1 enlace externo; primero: https://www.goretarapaca.gov.cl/organigrama/ (HTTP 200),Organigrama,2,2026-10-07T15:21:05Z,8.5
AB076,Tarapacá,B,"Facultades, funciones y atribuciones",OK,33 filas × 7 col.,"Facultades, funciones y atribuciones de sus unidades u órganos internos",1,2026-10-07T15:21:09Z,3.9
AB076,Tarapacá,C,Marco normativo,OK,10 filas × 10 col.,Marco Normativo,1,2026-10-07T15:21:13Z,4.0
AB076,Tarapacá,D1,Personal de planta,OK,13 filas × 15 col.,Personal de Planta > 2026 > Agosto,1,2026-10-07T15:21:19Z,6.5
AB076,Tarapacá,D2,Personal a contrata,OK,100 filas × 21 col.,Personal a Contrata > 2026 > Agosto,1,2026-10-07T15:21:26Z,6.3
AB076,Tarapacá,D3,Personal a honorarios,OK,5 filas × 17 col.,Personas naturales contratadas a honorarios > 2026 > Agosto,1,2026-10-07T15:21:33Z,6.9
AB076,Tarapacá,E,Compras y adquisiciones,OK,8 filas × 5 col.,Licitaciones Publicas y Privadas Adjudicadas > Presupuesto Corriente 01 > 2026,3,2026-10-07T15:21:49Z,15.9
AB076,Tarapacá,F,Transferencias,OK,6 filas × 7 col.,Otras transferencias > 2026,2,2026-10-07T15:22:01Z,12.6
AB076,Tarapacá,G,Actos con efectos sobre terceros,SD,sin registros en el período más reciente ni en hasta 3 períodos anteriores · mostrando 0 de 0 resultados,Actos y resoluciones con efectos sobre terceros,2,2026-10-07T15:22:12Z,11.2
AB076,Tarapacá,H,Trámites,OK,1 filas × 8 col.,Trámites ante el órgano > Concurso CICYT > Concurso CICYT 2025,1,2026-10-07T15:22:18Z,6.0
AB076,Tarapacá,I,Subsidios y beneficios,SD,sin registros en el período más reciente ni en hasta 3 períodos anteriores · mostrando 0 de 0 resultados,Subsidios y Beneficios Propios,1,2026-10-07T15:22:25Z,6.4
AB076,Tarapacá,J,Participación ciudadana,OK,4 filas × 4 col.,Mecanismos de participación ciudadana,1,2026-10-07T15:22:29Z,4.1
AB076,Tarapacá,K,Ejecución presupuestaria,EX,1 enlace externo; primero: https://transparencia.goretarapaca.gov.cl/web/index.php?action=plantillas_generar_archivo&ig=59&m=8&a=2026&ia=10185 (HTTP 200),Ejecución presupuestaria > Presupuesto Programa 01 > 2026 > Agosto,3,2026-10-07T15:22:41Z,12.4
AB076,Tarapacá,L,Auditorías,SD,sin registros en el período más reciente ni en hasta 3 períodos anteriores · mostrando 0 de 0 resultados,Auditorías,1,2026-10-07T15:22:54Z,12.8
AB076,Tarapacá,M,Vínculos institucionales,OK,1 filas × 7 col.,Entidades en que tenga participación o representación el organismo,1,2026-10-07T15:22:58Z,4.0
AB077,Antofagasta,A,Estructura orgánica,EX,1 enlace externo; primero: https://script.google.com/a/macros/goreantofagasta.cl/s/AKfycbypuKwWLUSyfnZMdDgE2kcxtQ43_8NAgUi5Tivw16HivmBXh2Ghi19bz8nS7150LbSDvg/exec (HTTP 200),Organigrama,2,2026-10-07T15:23:07Z,8.8
AB077,Antofagasta,B,"Facultades, funciones y atribuciones",OK,11 filas × 7 col.,"Facultades, funciones y atribuciones de sus unidades u órganos internos",1,2026-10-07T15:23:11Z,3.9
AB077,Antofagasta,C,Marco normativo,OK,28 filas × 10 col.,Marco Normativo,1,2026-10-07T15:23:15Z,3.9
AB077,Antofagasta,D1,Personal de planta,OK,23 filas × 15 col.,Personal de Planta > 2026 > Agosto,1,2026-10-07T15:23:21Z,6.1
AB077,Antofagasta,D2,Personal a contrata,OK,100 filas × 21 col.,Personal a Contrata > 2026 > Agosto,1,2026-10-07T15:23:28Z,7.4
AB077,Antofagasta,D3,Personal a honorarios,OK,18 filas × 17 col.,Personas naturales contratadas a honorarios > 2026 > Agosto,1,2026-10-07T15:23:35Z,7.0
AB077,Antofagasta,E,Compras y adquisiciones,OK,2 filas × 21 col.,Contrataciones relativas a Bienes Inmuebles y Otras Compras > 2025 > Marzo > Compras menores a 3 utm,1,2026-10-07T15:23:42Z,7.4
AB077,Antofagasta,F,Transferencias,OK,11 filas × 7 col.,Otras transferencias > 2026 > Agosto,2,2026-10-07T15:23:56Z,13.6
AB077,Antofagasta,G,Actos con efectos sobre terceros,OK,43 filas × 13 col.,Actos y resoluciones con efectos sobre terceros > 2026 > Agosto > Convenios,1,2026-10-07T15:24:03Z,7.4
AB077,Antofagasta,H,Trámites,OK,4 filas × 8 col.,Trámites ante el órgano,1,2026-10-07T15:24:07Z,4.1
AB077,Antofagasta,I,Subsidios y beneficios,OK,4 filas × 12 col.,Subsidios y Beneficios Propios > 2026,1,2026-10-07T15:24:13Z,5.3
AB077,Antofagasta,J,Participación ciudadana,OK,7 filas × 4 col.,Mecanismos de participación ciudadana > 2026,1,2026-10-07T15:24:18Z,5.2
AB077,Antofagasta,K,Ejecución presupuestaria,EX,1 enlace externo; primero: https://drive.google.com/file/d/1uw1K_unJRigbLWshlH2ypBum_hZCj4QE/view?usp=sharing (HTTP 200),Ejecución Presupuestaria > Programa de funcionamiento > 2026 > Agosto,3,2026-10-07T15:24:31Z,12.8
AB077,Antofagasta,L,Auditorías,SD,sin registros en el período más reciente ni en hasta 3 períodos anteriores · mostrando 0 de 0 resultados,Auditorías,1,2026-10-07T15:24:36Z,5.4
AB077,Antofagasta,M,Vínculos institucionales,OK,15 filas × 7 col.,Entidades en que tenga participación o representación el organismo,1,2026-10-07T15:24:40Z,3.8
AB078,Atacama,A,Estructura orgánica,EX,1 archivo alojado en el Portal; primero: https://www.portaltransparencia.cl/PortalPdT/documents/10179/62801/ORGANIGRAMAACTUALIZADOMAYO2026.pdf/b23c1d55-8013-4276-8ffe-2bc5847bb081,Organigrama,2,2026-10-07T15:24:46Z,6.0
AB078,Atacama,B,"Facultades, funciones y atribuciones",OK,17 filas × 7 col.,"Facultades, funciones y atribuciones de sus unidades u órganos internos",1,2026-10-07T15:24:50Z,3.9
AB078,Atacama,C,Marco normativo,OK,9 filas × 10 col.,Marco Normativo,1,2026-10-07T15:24:54Z,3.8
AB078,Atacama,D1,Personal de planta,OK,27 filas × 15 col.,Personal de Planta > 2026 > Agosto,1,2026-10-07T15:25:00Z,6.4
AB078,Atacama,D2,Personal a contrata,OK,100 filas × 21 col.,Personal a Contrata > 2026 > Agosto,1,2026-10-07T15:25:07Z,7.1
AB078,Atacama,D3,Personal a honorarios,OK,8 filas × 17 col.,Personas naturales contratadas a honorarios > 2026 > Agosto,1,2026-10-07T15:25:13Z,5.8
AB078,Atacama,E,Compras y adquisiciones,OK,4 filas × 21 col.,Contrataciones relativas a Bienes Inmuebles y Otras Compras > Contratos Relativos a Bienes Inmuebles > 2026,1,2026-10-07T15:25:19Z,6.4
AB078,Atacama,F,Transferencias,OK,100 filas × 7 col.,Otras transferencias > 2026,2,2026-10-07T15:25:30Z,10.4
AB078,Atacama,G,Actos con efectos sobre terceros,OK,100 filas × 13 col.,Actos y resoluciones con efectos sobre terceros > 2026 > Convenios,1,2026-10-07T15:25:36Z,6.1
AB078,Atacama,H,Trámites,OK,3 filas × 8 col.,Trámites ante el órgano,1,2026-10-07T15:25:39Z,3.6
AB078,Atacama,I,Subsidios y beneficios,SD,sin registros en el período más reciente ni en hasta 3 períodos anteriores · mostrando 0 de 0 resultados,Subsidios y Beneficios Propios,1,2026-10-07T15:25:43Z,3.9
AB078,Atacama,J,Participación ciudadana,OK,3 filas × 4 col.,Mecanismos de participación ciudadana,1,2026-10-07T15:25:47Z,3.7
AB078,Atacama,K,Ejecución presupuestaria,EX,1 enlace externo; primero: https://www.dipres.gob.cl/597/w3-multipropertyvalues-35610-37782.html (HTTP 200),Informes de Ejecución Presupuestaria,3,2026-10-07T15:25:54Z,6.9
AB078,Atacama,L,Auditorías,SD,sin registros en el período más reciente ni en hasta 3 períodos anteriores · mostrando 0 de 0 resultados,Auditorías,1,2026-10-07T15:26:00Z,5.6
AB078,Atacama,M,Vínculos institucionales,OK,17 filas × 7 col.,Entidades en que tenga participación o representación el organismo,1,2026-10-07T15:26:03Z,3.6
AB079,Coquimbo,A,Estructura orgánica,EX,1 enlace externo; primero: https://docs.google.com/presentation/d/e/2PACX-1vTeCXlVoIrZs346vKTBAhG3H4UkdX9gY8iTIhPVLo312g-JBWf-Gf7JUYWrM4Paae-fRbF0N50ReKd7/pub?start=false&loop=false&delayms=3000 (HTTP 200),Organigrama,2,2026-10-07T15:26:10Z,7.2
AB079,Coquimbo,B,"Facultades, funciones y atribuciones",OK,66 filas × 7 col.,"Facultades, funciones y atribuciones de sus unidades u órganos internos",1,2026-10-07T15:26:15Z,5.0
AB079,Coquimbo,C,Marco normativo,OK,90 filas × 10 col.,Marco Normativo,1,2026-10-07T15:26:19Z,3.6
AB079,Coquimbo,D1,Personal de planta,OK,17 filas × 15 col.,Personal de Planta > Año 2026 > Agosto,1,2026-10-07T15:26:25Z,5.7
AB079,Coquimbo,D2,Personal a contrata,OK,100 filas × 21 col.,Personal a Contrata > Año 2026 > Agosto,1,2026-10-07T15:26:31Z,6.8
AB079,Coquimbo,D3,Personal a honorarios,OK,21 filas × 17 col.,Personas naturales contratadas a honorarios > Año 2026 > Agosto,1,2026-10-07T15:26:38Z,6.1
AB079,Coquimbo,E,Compras y adquisiciones,EX,1 enlace externo; primero: http://www.mercadopublico.cl/Portal/Modules/Site/AdvancedSearch/newAdvancedSearchPage.aspx?TP=Invitado&IdEmpresa=WSc0NA4B7Uo%3d (HTTP 200),Adquisiciones y contrataciones sometidas al Sistema de Compras Públicas,4,2026-10-07T15:26:51Z,13.9
AB079,Coquimbo,F,Transferencias,OK,34 filas × 7 col.,Otras transferencias > Año 2026,2,2026-10-07T15:27:02Z,10.5
AB079,Coquimbo,G,Actos con efectos sobre terceros,OK,73 filas × 13 col.,Actos y resoluciones con efectos sobre terceros > Año 2026 > Convenios de Transferencia,1,2026-10-07T15:27:08Z,6.3
AB079,Coquimbo,H,Trámites,OK,7 filas × 8 col.,Trámites ante el órgano,1,2026-10-07T15:27:12Z,3.6
AB079,Coquimbo,I,Subsidios y beneficios,OK,2 filas × 12 col.,Subsidios y Beneficios Propios > Año 2026,1,2026-10-07T15:27:17Z,5.0
AB079,Coquimbo,J,Participación ciudadana,OK,12 filas × 4 col.,Mecanismos de participación ciudadana,1,2026-10-07T15:27:20Z,3.6
AB079,Coquimbo,K,Ejecución presupuestaria,OK,30 filas × 22 col.,Ejecución Presupuestaria > Año 2026,1,2026-10-07T15:27:28Z,7.5
AB079,Coquimbo,L,Auditorías,SD,sin registros en el período más reciente ni en hasta 3 períodos anteriores · mostrando 0 de 0 resultados,Auditorías,1,2026-10-07T15:27:34Z,6.0
AB079,Coquimbo,M,Vínculos institucionales,OK,8 filas × 7 col.,Entidades en que tenga participación o representación el organismo,1,2026-10-07T15:27:38Z,3.7
AB080,Valparaíso,A,Estructura orgánica,EX,1 enlace externo; primero: https://docs.google.com/presentation/d/e/2PACX-1vReN3-hXb6qEpLAVwszBqpQKvMoWn29qlAGkJU0UdtwDqckiUHyWQFFcLZDzfx3tw/pub?start=true&loop=true&delayms=30000 (HTTP 200),Organigrama,2,2026-10-07T15:28:01Z,23.0
AB080,Valparaíso,B,"Facultades, funciones y atribuciones",OK,45 filas × 7 col.,"Facultades, funciones y atribuciones de sus unidades u órganos internos",1,2026-10-07T15:28:05Z,4.5
AB080,Valparaíso,C,Marco normativo,OK,11 filas × 10 col.,Marco Normativo,1,2026-10-07T15:28:09Z,3.9
AB080,Valparaíso,D1,Personal de planta,OK,24 filas × 15 col.,Personal de Planta > 2026 > Septiembre,1,2026-10-07T15:28:18Z,9.3
AB080,Valparaíso,D2,Personal a contrata,OK,100 filas × 21 col.,Personal a Contrata > 2026 > Septiembre,1,2026-10-07T15:28:25Z,7.0
AB080,Valparaíso,D3,Personal a honorarios,OK,20 filas × 17 col.,Personas naturales contratadas a honorarios > 2026 > Septiembre,1,2026-10-07T15:28:32Z,6.6
AB080,Valparaíso,E,Compras y adquisiciones,OK,2 filas × 5 col.,Licitaciones Publicas y Privadas > 2026 > agosto,3,2026-10-07T15:28:48Z,16.5
AB080,Valparaíso,F,Transferencias,OK,100 filas × 7 col.,Otras transferencias > 2026 > Agosto,2,2026-10-07T15:29:15Z,26.7
AB080,Valparaíso,G,Actos con efectos sobre terceros,OK,74 filas × 13 col.,Actos y resoluciones con efectos sobre terceros > Convenios > 2026,1,2026-10-07T15:29:23Z,8.2
AB080,Valparaíso,H,Trámites,OK,5 filas × 8 col.,Trámites ante el órgano,1,2026-10-07T15:29:27Z,3.7
AB080,Valparaíso,I,Subsidios y beneficios,SD,sin registros en el período más reciente ni en hasta 3 períodos anteriores · mostrando 0 de 0 resultados,Subsidios y Beneficios Propios,1,2026-10-07T15:29:34Z,7.1
AB080,Valparaíso,J,Participación ciudadana,OK,2 filas × 4 col.,Mecanismos de participación ciudadana > Cuenta Pública,1,2026-10-07T15:29:39Z,4.5
AB080,Valparaíso,K,Ejecución presupuestaria,EX,1 archivo alojado en el Portal; primero: https://www.portaltransparencia.cl/PortalPdT/documents/10179/62801/9.-+SEPTIEMBRE+EJECUCION+PROGRAMA+01.pdf/23d6fb83-b206-4e78-bb44-d0e962851d9b,Ejecución presupuestaria > Programa de Funcionamiento > 2026 > Septiembre 2026,3,2026-10-07T15:29:50Z,11.7
AB080,Valparaíso,L,Auditorías,SD,sin registros en el período más reciente ni en hasta 3 períodos anteriores · mostrando 0 de 0 resultados,Auditorías,1,2026-10-07T15:29:56Z,6.0
AB080,Valparaíso,M,Vínculos institucionales,OK,8 filas × 7 col.,Entidades en que tenga participación o representación el organismo,1,2026-10-07T15:30:00Z,3.5
AB081,Metropolitana,A,Estructura orgánica,EX,1 enlace externo; primero: https://www.gobiernosantiago.cl/organigrama-gorerm/ (HTTP 200),Organigrama,2,2026-10-07T15:30:06Z,5.9
AB081,Metropolitana,B,"Facultades, funciones y atribuciones",OK,98 filas × 7 col.,"Facultades, funciones y atribuciones de sus unidades u órganos internos",1,2026-10-07T15:30:10Z,4.3
AB081,Metropolitana,C,Marco normativo,OK,26 filas × 10 col.,Marco Normativo,1,2026-10-07T15:30:14Z,4.2
AB081,Metropolitana,D1,Personal de planta,OK,22 filas × 15 col.,Personal de Planta > 2026 > Agosto,1,2026-10-07T15:30:21Z,6.7
AB081,Metropolitana,D2,Personal a contrata,OK,100 filas × 21 col.,Personal a Contrata > 2026 > Agosto,1,2026-10-07T15:30:27Z,6.2
AB081,Metropolitana,D3,Personal a honorarios,OK,75 filas × 17 col.,Personas naturales contratadas a honorarios > 2026 > Agosto,1,2026-10-07T15:30:33Z,6.0
AB081,Metropolitana,E,Compras y adquisiciones,OK,4 filas × 5 col.,Licitaciones Públicas y Privadas > 2026 > Septiembre,3,2026-10-07T15:30:47Z,13.6
AB081,Metropolitana,F,Transferencias,OK,60 filas × 7 col.,Otras transferencias,2,2026-10-07T15:30:55Z,7.9
AB081,Metropolitana,G,Actos con efectos sobre terceros,OK,100 filas × 11 col.,"Actos y resoluciones con efectos sobre terceras personas (convenios, transferencias, circulares, otros) > Convenios > Convenios de colaboración o cooperación",2,2026-10-07T15:31:04Z,9.1
AB081,Metropolitana,H,Trámites,OK,1 filas × 8 col.,Trámites ante el órgano,1,2026-10-07T15:31:08Z,4.3
AB081,Metropolitana,I,Subsidios y beneficios,SD,ítem marcado (*) «no publica información»,Subsidios y Beneficios Propios (*),1,2026-10-07T15:31:10Z,2.5
AB081,Metropolitana,J,Participación ciudadana,OK,1 filas × 4 col.,Mecanismos de participación ciudadana,1,2026-10-07T15:31:14Z,3.7
AB081,Metropolitana,K,Ejecución presupuestaria,SD,"sin registros en el período más reciente ni en hasta 3 períodos anteriores · no se ha informado la Ejecución Presupuestaria del Programa de Funcionamiento de parte de la DIPRES, respecto de este período",Ejecución Presupuestaria,3,2026-10-07T15:31:42Z,27.6
AB081,Metropolitana,L,Auditorías,OK,60 filas × 10 col.,Auditorías > Contraloría General de La República,1,2026-10-07T15:32:00Z,18.4
AB081,Metropolitana,M,Vínculos institucionales,OK,18 filas × 7 col.,Entidades en que tenga participación o representación el organismo,1,2026-10-07T15:32:08Z,7.7
AB082,O'Higgins,A,Estructura orgánica,ER,1 enlace externo; primero: https://www.canva.com/design/DAGqtVUTcF0/mCCHTRRpUmDDfdwZQ8Grew/view?utm_content=DAGqtVUTcF0&utm_campaign=designshare&utm_medium=link2&utm_source=uniquelinks&utlId=h88001180f5 (HTTP error: BloqueadoPorRobots),Organigrama,2,2026-10-07T15:32:17Z,9.3
AB082,O'Higgins,B,"Facultades, funciones y atribuciones",OK,44 filas × 7 col.,"Facultades, funciones y atribuciones de sus unidades u órganos internos",1,2026-10-07T15:32:21Z,4.0
AB082,O'Higgins,C,Marco normativo,OK,12 filas × 10 col.,Marco Normativo,1,2026-10-07T15:32:26Z,5.0
AB082,O'Higgins,D1,Personal de planta,OK,13 filas × 15 col.,Personal de Planta > 2026 > Agosto,1,2026-10-07T15:32:33Z,6.7
AB082,O'Higgins,D2,Personal a contrata,OK,100 filas × 21 col.,Personal a Contrata > 2026 > Agosto,1,2026-10-07T15:32:40Z,6.8
AB082,O'Higgins,D3,Personal a honorarios,OK,3 filas × 17 col.,Personas naturales contratadas a honorarios > 2026 > Agosto,1,2026-10-07T15:32:46Z,6.3
AB082,O'Higgins,E,Compras y adquisiciones,OK,1 filas × 5 col.,Licitaciones > 2026,3,2026-10-07T15:32:59Z,12.8
AB082,O'Higgins,F,Transferencias,OK,100 filas × 7 col.,Otras transferencias > 2026,2,2026-10-07T15:33:11Z,12.0
AB082,O'Higgins,G,Actos con efectos sobre terceros,OK,17 filas × 13 col.,Actos y resoluciones con efectos sobre terceros > 2026 > Llamados a Concursos y Convocatorias,1,2026-10-07T15:33:18Z,6.9
AB082,O'Higgins,H,Trámites,OK,5 filas × 8 col.,Trámites ante el órgano,1,2026-10-07T15:33:22Z,4.6
AB082,O'Higgins,I,Subsidios y beneficios,SD,sin registros en el período más reciente ni en hasta 3 períodos anteriores · mostrando 0 de 0 resultados,Subsidios y Beneficios Propios,1,2026-10-07T15:33:27Z,4.1
AB082,O'Higgins,J,Participación ciudadana,OK,6 filas × 4 col.,Mecanismos de participación ciudadana,1,2026-10-07T15:33:30Z,4.0
AB082,O'Higgins,K,Ejecución presupuestaria,EX,1 enlace externo; primero: https://www.dipres.gob.cl/597/articles-423366_doc_pdf.pdf?ts=1788197359 (HTTP 200),Ejecución Presupuestaria > 2026 > Programa Inversión Regional > Agosto,3,2026-10-07T15:33:47Z,16.9
AB082,O'Higgins,L,Auditorías,SD,sin registros en el período más reciente ni en hasta 3 períodos anteriores · mostrando 0 de 0 resultados,Auditorías,1,2026-10-07T15:33:52Z,5.0
AB082,O'Higgins,M,Vínculos institucionales,OK,5 filas × 7 col.,Entidades en que tenga participación o representación el organismo,1,2026-10-07T15:33:56Z,3.9
AB083,Maule,A,Estructura orgánica,EX,1 enlace externo; primero: https://organigrama.goremaule.cl/ (HTTP 200),Organigrama,2,2026-10-07T15:34:03Z,6.4
AB083,Maule,B,"Facultades, funciones y atribuciones",OK,47 filas × 7 col.,"Facultades, funciones y atribuciones de sus unidades u órganos internos",1,2026-10-07T15:34:07Z,4.2
AB083,Maule,C,Marco normativo,OK,82 filas × 10 col.,Marco Normativo,1,2026-10-07T15:34:11Z,3.8
AB083,Maule,D1,Personal de planta,OK,26 filas × 15 col.,Personal de Planta > 2026 > Agosto,1,2026-10-07T15:34:17Z,6.6
AB083,Maule,D2,Personal a contrata,OK,100 filas × 21 col.,Personal a Contrata > 2026 > Agosto,1,2026-10-07T15:34:24Z,6.4
AB083,Maule,D3,Personal a honorarios,OK,10 filas × 17 col.,Personas naturales contratadas a honorarios > 2026 > Agosto,1,2026-10-07T15:34:30Z,6.2
AB083,Maule,E,Compras y adquisiciones,OK,3 filas × 21 col.,Contrataciones relativas a Bienes Inmuebles y Otras Compras > Contratos relativos a bienes inmuebles > 2026,1,2026-10-07T15:34:36Z,6.4
AB083,Maule,F,Transferencias,OK,100 filas × 7 col.,Otras transferencias > Año 2026,2,2026-10-07T15:34:47Z,10.6
AB083,Maule,G,Actos con efectos sobre terceros,SD,sin registros en el período más reciente ni en hasta 3 períodos anteriores · mostrando 0 de 0 resultados,Actos y resoluciones con efectos sobre terceros,2,2026-10-07T15:34:57Z,10.5
AB083,Maule,H,Trámites,OK,10 filas × 8 col.,Trámites ante el órgano,1,2026-10-07T15:35:01Z,3.7
AB083,Maule,I,Subsidios y beneficios,OK,13 filas × 12 col.,Subsidios y Beneficios Propios > 2026 > DIDESO,1,2026-10-07T15:35:08Z,6.7
AB083,Maule,J,Participación ciudadana,OK,5 filas × 4 col.,Mecanismos de participación ciudadana,1,2026-10-07T15:35:11Z,3.7
AB083,Maule,K,Ejecución presupuestaria,EX,1 enlace externo; primero: https://www.goremaule.cl/goremauleVII/wp-content/uploads/2026/09/Consolidado-Ejecucion-de-Gastos.pdf (HTTP 200),Informes Ejecución Presupuestaria > Consolidado Funcionamiento Regional e Inversión Regional > 2026 > Agosto,3,2026-10-07T15:35:23Z,11.9
AB083,Maule,L,Auditorías,OK,4 filas × 10 col.,Auditorías > 2026,1,2026-10-07T15:35:29Z,5.3
AB083,Maule,M,Vínculos institucionales,SD,sin registros en el período más reciente ni en hasta 3 períodos anteriores · mostrando 0 de 0 resultados,Entidades en que tenga participación o representación el organismo,1,2026-10-07T15:35:34Z,5.8
AB084,Biobío,A,Estructura orgánica,EX,1 enlace externo; primero: https://gorebiobio.cl/organigrama-gobierno-regional/ (HTTP 200),Diagrama de Estructura Organica,2,2026-10-07T15:35:40Z,5.3
AB084,Biobío,B,"Facultades, funciones y atribuciones",OK,11 filas × 7 col.,"Facultades, funciones y atribuciones de sus unidades u órganos internos",1,2026-10-07T15:35:43Z,3.5
AB084,Biobío,C,Marco normativo,OK,31 filas × 10 col.,Marco Normativo,1,2026-10-07T15:35:47Z,3.5
AB084,Biobío,D1,Personal de planta,OK,36 filas × 15 col.,Personal de planta > 2026 > Agosto,1,2026-10-07T15:35:53Z,6.1
AB084,Biobío,D2,Personal a contrata,OK,100 filas × 21 col.,Personal a contrata > 2026 > Agosto,1,2026-10-07T15:36:00Z,6.9
AB084,Biobío,D3,Personal a honorarios,OK,9 filas × 17 col.,Personas naturales contratadas a honorarios > 2026 > Agosto,1,2026-10-07T15:36:06Z,6.2
AB084,Biobío,E,Compras y adquisiciones,OK,4 filas × 21 col.,Contratación de bienes inmuebles y Otras Compras > Otras Compras y Adquisiciones > 2026 > Agosto,1,2026-10-07T15:36:13Z,7.3
AB084,Biobío,F,Transferencias,OK,100 filas × 7 col.,Otras transferencias > 2026 > Agosto,2,2026-10-07T15:36:22Z,8.3
AB084,Biobío,G,Actos con efectos sobre terceros,OK,1 filas × 13 col.,Actos y resoluciones con efectos sobre terceros > 2026 > Agosto > CONVENIO MANDATO,1,2026-10-07T15:36:29Z,7.1
AB084,Biobío,H,Trámites,EX,1 enlace externo; primero: https://gorebiobio.cl/tramites-digitales/ (HTTP 200),Otros Trámites,2,2026-10-07T15:36:34Z,5.4
AB084,Biobío,I,Subsidios y beneficios,OK,1 filas × 12 col.,Subsidios y Beneficios Propios > 2026,1,2026-10-07T15:36:39Z,4.9
AB084,Biobío,J,Participación ciudadana,OK,10 filas × 4 col.,Mecanismos de participación ciudadana,1,2026-10-07T15:36:43Z,3.7
AB084,Biobío,K,Ejecución presupuestaria,EX,1 archivo alojado en el Portal; primero: https://www.portaltransparencia.cl/PortalPdT/documents/10179/62801/EJECUCI%C3%93N+A+AGOSTO+2026.pdf_1788968944799/484d6035-173f-4325-9afb-37821784187f,Informes de Ejecución Presupuestaria > 2026 > Inversión Regional > Agosto,3,2026-10-07T15:36:54Z,11.5
AB084,Biobío,L,Auditorías,OK,1 filas × 10 col.,Auditorías > 2026,1,2026-10-07T15:36:59Z,4.9
AB084,Biobío,M,Vínculos institucionales,OK,8 filas × 7 col.,Entidades en que tenga participación o representación el organismo,1,2026-10-07T15:37:03Z,3.8
AB085,La Araucanía,A,Estructura orgánica,SD,sin registros en el período más reciente ni en hasta 3 períodos anteriores,Organigrama,2,2026-10-07T15:37:09Z,6.5
AB085,La Araucanía,B,"Facultades, funciones y atribuciones",OK,13 filas × 7 col.,"Facultades, funciones y atribuciones de sus unidades u órganos internos",1,2026-10-07T15:37:13Z,3.9
AB085,La Araucanía,C,Marco normativo,OK,4 filas × 10 col.,Marco Normativo,1,2026-10-07T15:37:17Z,3.8
AB085,La Araucanía,D1,Personal de planta,OK,24 filas × 15 col.,Personal de Planta > 2026 > Agosto,1,2026-10-07T15:37:24Z,6.6
AB085,La Araucanía,D2,Personal a contrata,OK,100 filas × 21 col.,Personal a Contrata > 2026 > Agosto,1,2026-10-07T15:37:30Z,6.0
AB085,La Araucanía,D3,Personal a honorarios,OK,9 filas × 17 col.,Personas naturales contratadas a honorarios > 2026 > Agosto,1,2026-10-07T15:37:36Z,6.3
AB085,La Araucanía,E,Compras y adquisiciones,OK,6 filas × 5 col.,Licitaciones Públicas y Privadas > 2026,3,2026-10-07T15:37:49Z,13.3
AB085,La Araucanía,F,Transferencias,OK,1 filas × 7 col.,Otras transferencias > 2026,2,2026-10-07T15:37:56Z,7.1
AB085,La Araucanía,G,Actos con efectos sobre terceros,OK,41 filas × 13 col.,Actos y resoluciones con efectos sobre terceros > Concursos Públicos > 2026,1,2026-10-07T15:38:02Z,5.8
AB085,La Araucanía,H,Trámites,OK,9 filas × 8 col.,Trámites ante el Gobierno Regional,1,2026-10-07T15:38:06Z,3.8
AB085,La Araucanía,I,Subsidios y beneficios,SD,ítem marcado (*) «no publica información»,Subsidios y Beneficios Propios (*),1,2026-10-07T15:38:09Z,2.5
AB085,La Araucanía,J,Participación ciudadana,OK,4 filas × 4 col.,Mecanismos de participación ciudadana,1,2026-10-07T15:38:12Z,3.8
AB085,La Araucanía,K,Ejecución presupuestaria,SD,"sin registros en el período más reciente ni en hasta 3 períodos anteriores · no se ha informado Ejecución Presupuestaria del Programa de Funcionamiento de parte de la Dirección de Presupuestos (DIPRES), respecto de ",Ejecución presupuestaria,3,2026-10-07T15:38:25Z,12.6
AB085,La Araucanía,L,Auditorías,OK,31 filas × 10 col.,Auditorías,1,2026-10-07T15:38:29Z,4.2
AB085,La Araucanía,M,Vínculos institucionales,OK,16 filas × 7 col.,Entidades en que tenga participación o representación el organismo,1,2026-10-07T15:38:33Z,4.1
AB086,Los Ríos,A,Estructura orgánica,EX,1 archivo alojado en el Portal; primero: https://www.portaltransparencia.cl/PortalPdT/documents/10179/62801/Organigrama+GORE+aprobado+REX+131_2026%281%29.png/d8b356c2-6f9c-4a20-80e8-8f9240c42cad,Organigrama,2,2026-10-07T15:38:40Z,6.4
AB086,Los Ríos,B,"Facultades, funciones y atribuciones",OK,14 filas × 7 col.,"Facultades, funciones y atribuciones de sus unidades u órganos internos",1,2026-10-07T15:38:43Z,3.3
AB086,Los Ríos,C,Marco normativo,OK,8 filas × 10 col.,Marco Normativo,1,2026-10-07T15:38:46Z,3.5
AB086,Los Ríos,D1,Personal de planta,OK,32 filas × 15 col.,Personal de Planta > 2026 > Septiembre,1,2026-10-07T15:38:52Z,6.0
AB086,Los Ríos,D2,Personal a contrata,OK,100 filas × 21 col.,Personal a Contrata > 2026 > Septiembre,1,2026-10-07T15:38:58Z,6.0
AB086,Los Ríos,D3,Personal a honorarios,OK,14 filas × 17 col.,Personas naturales contratadas a honorarios > 2026 > Agosto,1,2026-10-07T15:39:04Z,5.9
AB086,Los Ríos,E,Compras y adquisiciones,EX,1 enlace externo; primero: http://www.mercadopublico.cl/Portal/Modules/Site/AdvancedSearch/newAdvancedSearchPage.aspx?TP=Invitado&IdEmpresa=taMB5ZI973U%3d (HTTP 200),Adquisiciones y Contrataciones sometidas al Sistema de Compras Públicas,4,2026-10-07T15:39:19Z,14.2
AB086,Los Ríos,F,Transferencias,OK,100 filas × 7 col.,Otras transferencias,2,2026-10-07T15:39:29Z,10.0
AB086,Los Ríos,G,Actos con efectos sobre terceros,OK,100 filas × 13 col.,Actos y resoluciones con efectos sobre terceros > Convenios > Convenios Mandato,1,2026-10-07T15:39:34Z,5.6
AB086,Los Ríos,H,Trámites,OK,8 filas × 8 col.,Trámites ante el órgano,1,2026-10-07T15:39:37Z,3.4
AB086,Los Ríos,I,Subsidios y beneficios,OK,17 filas × 12 col.,Subsidios y Beneficios Propios,1,2026-10-07T15:39:41Z,3.4
AB086,Los Ríos,J,Participación ciudadana,OK,4 filas × 4 col.,Mecanismos de participación ciudadana,1,2026-10-07T15:39:44Z,3.4
AB086,Los Ríos,K,Ejecución presupuestaria,ER,ítem no encontrado en la portada de Transparencia Activa,,3,2026-10-07T15:39:51Z,6.5
AB086,Los Ríos,L,Auditorías,OK,44 filas × 10 col.,Auditorías,1,2026-10-07T15:39:54Z,3.4
AB086,Los Ríos,M,Vínculos institucionales,OK,16 filas × 7 col.,Entidades en que tenga participación o representación el organismo,1,2026-10-07T15:39:58Z,3.5
AB087,Los Lagos,A,Estructura orgánica,SD,sin registros en el período más reciente ni en hasta 3 períodos anteriores,Organigrama,2,2026-10-07T15:40:04Z,6.2
AB087,Los Lagos,B,"Facultades, funciones y atribuciones",OK,14 filas × 7 col.,"Facultades, funciones y atribuciones de sus unidades u órganos internos",1,2026-10-07T15:40:08Z,3.8
AB087,Los Lagos,C,Marco normativo,OK,16 filas × 10 col.,Marco Normativo,1,2026-10-07T15:40:11Z,3.7
AB087,Los Lagos,D1,Personal de planta,OK,27 filas × 15 col.,Personal de Planta > 2026 > Agosto,1,2026-10-07T15:40:17Z,5.9
AB087,Los Lagos,D2,Personal a contrata,OK,100 filas × 21 col.,Personal a Contrata > 2026 > Agosto,1,2026-10-07T15:40:23Z,6.0
AB087,Los Lagos,D3,Personal a honorarios,OK,11 filas × 17 col.,Personas naturales contratadas a honorarios > 2026 > Agosto,1,2026-10-07T15:40:29Z,5.7
AB087,Los Lagos,E,Compras y adquisiciones,OK,100 filas × 21 col.,Contrataciones relativas a Bienes Inmuebles y Otras Compras > Otras Compras y Adquisiciones > 2026,1,2026-10-07T15:40:35Z,6.2
AB087,Los Lagos,F,Transferencias,OK,100 filas × 7 col.,Otras transferencias > Otras Transferencias > 2026,2,2026-10-07T15:40:47Z,11.8
AB087,Los Lagos,G,Actos con efectos sobre terceros,OK,48 filas × 13 col.,Actos y resoluciones con efectos sobre terceros > 2026 > Concesiones,1,2026-10-07T15:40:52Z,5.6
AB087,Los Lagos,H,Trámites,OK,5 filas × 8 col.,Trámites ante el órgano > Otros Trámites,1,2026-10-07T15:40:58Z,5.2
AB087,Los Lagos,I,Subsidios y beneficios,SD,sin registros en el período más reciente ni en hasta 3 períodos anteriores · mostrando 0 de 0 resultados,Subsidios y Beneficios Propios,1,2026-10-07T15:41:01Z,3.5
AB087,Los Lagos,J,Participación ciudadana,OK,8 filas × 4 col.,Mecanismos de participación ciudadana,1,2026-10-07T15:41:07Z,5.7
AB087,Los Lagos,K,Ejecución presupuestaria,OK,11 filas × 5 col.,Balance de Ejecuciòn Presupuestaria,3,2026-10-07T15:41:16Z,9.0
AB087,Los Lagos,L,Auditorías,OK,37 filas × 10 col.,Auditorías,1,2026-10-07T15:41:20Z,3.8
AB087,Los Lagos,M,Vínculos institucionales,OK,19 filas × 7 col.,Entidades en que tenga participación o representación el organismo,1,2026-10-07T15:41:23Z,3.7
AB088,Aysén,A,Estructura orgánica,SD,sin registros en el período más reciente ni en hasta 3 períodos anteriores,Organigrama,2,2026-10-07T15:41:29Z,5.5
AB088,Aysén,B,"Facultades, funciones y atribuciones",OK,11 filas × 7 col.,"Facultades, funciones y atribuciones de sus unidades u órganos internos",1,2026-10-07T15:41:32Z,3.5
AB088,Aysén,C,Marco normativo,OK,12 filas × 10 col.,Marco Normativo,1,2026-10-07T15:41:36Z,3.7
AB088,Aysén,D1,Personal de planta,OK,30 filas × 15 col.,Personal de Planta > Año 2026 > Agosto,1,2026-10-07T15:41:42Z,5.8
AB088,Aysén,D2,Personal a contrata,OK,100 filas × 21 col.,Personal a Contrata > Año 2026 > Agosto,1,2026-10-07T15:41:48Z,6.2
AB088,Aysén,D3,Personal a honorarios,OK,16 filas × 17 col.,Personas naturales contratadas a honorarios > Año 2026 > Agosto,1,2026-10-07T15:41:54Z,6.4
AB088,Aysén,E,Compras y adquisiciones,EX,1 enlace externo; primero: http://www.mercadopublico.cl/Portal/Modules/Site/AdvancedSearch/newAdvancedSearchPage.aspx?TP=Invitado&IdEmpresa=9SMYcbcGOn4%3d (HTTP 200),Sistema de Compras Públicas,4,2026-10-07T15:42:10Z,15.7
AB088,Aysén,F,Transferencias,OK,8 filas × 7 col.,Otras transferencias > 2026,2,2026-10-07T15:42:22Z,11.4
AB088,Aysén,G,Actos con efectos sobre terceros,OK,100 filas × 13 col.,Actos y resoluciones con efectos sobre terceros > Año 2026 > Convenios,1,2026-10-07T15:42:27Z,5.7
AB088,Aysén,H,Trámites,OK,4 filas × 8 col.,Trámites ante el órgano,1,2026-10-07T15:42:31Z,3.4
AB088,Aysén,I,Subsidios y beneficios,SD,sin registros en el período más reciente ni en hasta 3 períodos anteriores · mostrando 0 de 0 resultados,Subsidios y Beneficios Propios,1,2026-10-07T15:42:36Z,5.4
AB088,Aysén,J,Participación ciudadana,OK,6 filas × 4 col.,Mecanismos de participación ciudadana,1,2026-10-07T15:42:40Z,3.5
AB088,Aysén,K,Ejecución presupuestaria,EX,1 enlace externo; primero: https://extranet.goreaysen.cl/transparencia/2026/finanzas/EstadoEjecucionPresupuestaria_Ingresos_Funcionamiento_Agosto_2026.pdf (HTTP 200),Ejecución Presupuestaria > Año 2026 > Presupuesto de Funcionamiento > Ingresos > Agosto,3,2026-10-07T15:42:53Z,13.5
AB088,Aysén,L,Auditorías,SD,sin registros en el período más reciente ni en hasta 3 períodos anteriores · mostrando 0 de 0 resultados,Auditorías,1,2026-10-07T15:42:58Z,4.8
AB088,Aysén,M,Vínculos institucionales,OK,5 filas × 7 col.,Entidades en que tenga participación o representación el organismo,1,2026-10-07T15:43:02Z,3.7
AB089,Magallanes,A,Estructura orgánica,EX,1 enlace externo; primero: https://docs.google.com/presentation/d/e/2PACX-1vRZUpzGWdSGmr5_wi8D4MUOsaVJ5PtFgFBo1XGpWIgc_KDphUozVWpLnBTH79bHFzHewFrUI_vfNCW4/pub?start=true&loop=true&delayms=3000 (HTTP 200),Diagrama de Estructura Organica,2,2026-10-07T15:43:10Z,8.1
AB089,Magallanes,B,"Facultades, funciones y atribuciones",OK,35 filas × 7 col.,"Facultades, funciones y atribuciones de sus unidades u órganos internos",1,2026-10-07T15:43:14Z,4.2
AB089,Magallanes,C,Marco normativo,OK,20 filas × 10 col.,Marco Normativo,1,2026-10-07T15:43:18Z,3.8
AB089,Magallanes,D1,Personal de planta,OK,16 filas × 15 col.,Personal de planta > 2026 > Agosto,1,2026-10-07T15:43:24Z,6.4
AB089,Magallanes,D2,Personal a contrata,OK,100 filas × 21 col.,Personal a contrata > 2026 > Agosto,1,2026-10-07T15:43:31Z,6.8
AB089,Magallanes,D3,Personal a honorarios,OK,15 filas × 17 col.,Personas naturales contratadas a honorarios > 2026 > Agosto,1,2026-10-07T15:43:37Z,6.5
AB089,Magallanes,E,Compras y adquisiciones,OK,3 filas × 21 col.,Contratación de bienes inmuebles y Otras Compras > 2026 > Bienes Inmuebles > Julio,1,2026-10-07T15:43:45Z,7.6
AB089,Magallanes,F,Transferencias,OK,67 filas × 7 col.,Otras transferencias > 2026 > Agosto,2,2026-10-07T15:43:55Z,9.5
AB089,Magallanes,G,Actos con efectos sobre terceros,OK,15 filas × 13 col.,Actos y resoluciones con efectos sobre terceros > Historico años 2016-2023 > 2023 > Noviembre,1,2026-10-07T15:44:03Z,8.0
AB089,Magallanes,H,Trámites,OK,10 filas × 8 col.,Otros Trámites,2,2026-10-07T15:44:10Z,7.1
AB089,Magallanes,I,Subsidios y beneficios,OK,100 filas × 12 col.,Subsidios y Beneficios Propios,1,2026-10-07T15:44:14Z,4.3
AB089,Magallanes,J,Participación ciudadana,OK,20 filas × 4 col.,Mecanismos de participación ciudadana,1,2026-10-07T15:44:18Z,3.7
AB089,Magallanes,K,Ejecución presupuestaria,EX,1 enlace externo; primero: https://www.dipres.gob.cl/597/w3-multipropertyvalues-35610-37782.html (HTTP 200),Presupuesto Asignado y su Ejecución,3,2026-10-07T15:44:32Z,14.0
AB089,Magallanes,L,Auditorías,SD,sin registros en el período más reciente ni en hasta 3 períodos anteriores · mostrando 0 de 0 resultados,Auditorías,1,2026-10-07T15:44:39Z,6.7
AB089,Magallanes,M,Vínculos institucionales,OK,34 filas × 7 col.,Entidades en que tenga participación o representación el organismo,1,2026-10-07T15:44:43Z,4.4
AB098,Ñuble,A,Estructura orgánica,EX,1 enlace externo; primero: https://view.genially.com/69735bbbb42c422222d4b4af/interactive-content-organigrama-gobierno-regional-de-nuble (HTTP 200),Organigrama,2,2026-10-07T15:44:53Z,10.2
AB098,Ñuble,B,"Facultades, funciones y atribuciones",OK,14 filas × 7 col.,"Facultades, funciones y atribuciones de sus unidades u órganos internos",1,2026-10-07T15:44:57Z,3.7
AB098,Ñuble,C,Marco normativo,OK,22 filas × 10 col.,Marco Normativo,1,2026-10-07T15:45:01Z,4.3
AB098,Ñuble,D1,Personal de planta,OK,40 filas × 15 col.,Personal de Planta > Planta 2026 > Agosto,1,2026-10-07T15:45:08Z,7.0
AB098,Ñuble,D2,Personal a contrata,OK,63 filas × 21 col.,Personal a Contrata > 2026 > Agosto,1,2026-10-07T15:45:15Z,6.6
AB098,Ñuble,D3,Personal a honorarios,OK,5 filas × 17 col.,Personas naturales contratadas a honorarios > 2026 > Agosto,1,2026-10-07T15:45:21Z,6.4
AB098,Ñuble,E,Compras y adquisiciones,OK,2 filas × 21 col.,Contrataciones relativas a Bienes Inmuebles y Otras Compras > Compras Menores a 3 UTM. > 2026 > agosto,1,2026-10-07T15:45:28Z,7.1
AB098,Ñuble,F,Transferencias,OK,71 filas × 7 col.,Otras transferencias > 2026 > agosto,2,2026-10-07T15:45:38Z,10.1
AB098,Ñuble,G,Actos con efectos sobre terceros,EX,1 enlace externo; primero: https://coredenuble.cl/actividades/actas/actas-sesiones-2026/ (HTTP 200),Actos y resoluciones con efectos sobre terceros > Actas del Consejo Regional de Ñuble > 2026,2,2026-10-07T15:45:49Z,11.0
AB098,Ñuble,H,Trámites,OK,5 filas × 8 col.,Trámites ante el órgano > 2026 > Septiembre,1,2026-10-07T15:45:56Z,7.2
AB098,Ñuble,I,Subsidios y beneficios,SD,sin registros en el período más reciente ni en hasta 3 períodos anteriores · mostrando 0 de 0 resultados,Subsidios y Beneficios Propios,1,2026-10-07T15:46:00Z,3.9
AB098,Ñuble,J,Participación ciudadana,OK,5 filas × 4 col.,Mecanismos de participación ciudadana > Mecanismos de Participación Ciudadana 2026.,1,2026-10-07T15:46:06Z,5.8
AB098,Ñuble,K,Ejecución presupuestaria,EX,1 enlace externo; primero: https://goredenuble.cl/sites/default/files/documentos/2026/SB_EstadoEjecucionPresupuestaria.pdf (HTTP 200),Ejecución Presupuestaria,3,2026-10-07T15:46:22Z,16.0
AB098,Ñuble,L,Auditorías,OK,9 filas × 10 col.,Auditorías,1,2026-10-07T15:46:26Z,3.9
AB098,Ñuble,M,Vínculos institucionales,SD,sin registros en el período más reciente ni en hasta 3 períodos anteriores · mostrando 0 de 0 resultados,Entidades en que tenga participación o representación el organismo,1,2026-10-07T15:46:32Z,6.5
