codigo,gore,cplt_2024,cplt_2025,cplt_2026
AB075,Arica y Parinacota,55.7,53.9,88.7
AB076,Tarapacá,66.4,83,95
AB077,Antofagasta,57.4,57.9,90.4
AB078,Atacama,52,94.8,97.5
AB079,Coquimbo,95.1,86.8,94.9
AB080,Valparaíso,78,79.8,97.3
AB081,Metropolitana,88.9,99.9,96.7
AB082,O'Higgins,54.1,62.2,99.6
AB083,Maule,81.4,89.9,93.3
AB098,Ñuble,83.6,75.6,84.3
AB084,Biobío,81.3,90.6,100
AB085,La Araucanía,79.5,43.9,95
AB086,Los Ríos,76.8,70.5,56.7
AB087,Los Lagos,86.7,63.2,90
AB088,Aysén,94.4,91.5,99.9
AB089,Magallanes,94.4,73.8,96.9
