gore,A,B,C,D1,D2,D3,E,F,G,H,I,J,K,L,M
Arica y Parinacota,EX,OK,OK,OK,OK,OK,OK,OK,OK,OK,OK,OK,EX,OK,OK
Tarapacá,EX,OK,OK,OK,OK,OK,OK,OK,SD,OK,SD,OK,EX,SD,OK
Antofagasta,EX,OK,OK,OK,OK,OK,OK,OK,OK,OK,OK,OK,EX,SD,OK
Atacama,EX,OK,OK,OK,OK,OK,OK,OK,OK,OK,SD,OK,EX,SD,OK
Coquimbo,EX,OK,OK,OK,OK,OK,EX,OK,OK,OK,OK,OK,OK,SD,OK
Valparaíso,EX,OK,OK,OK,OK,OK,OK,OK,OK,OK,SD,OK,EX,SD,OK
Metropolitana,EX,OK,OK,OK,OK,OK,OK,OK,OK,OK,SD,OK,SD,OK,OK
O'Higgins,EX,OK,OK,OK,OK,OK,OK,OK,OK,OK,SD,OK,EX,SD,OK
Maule,EX,OK,OK,OK,OK,OK,OK,OK,OK,OK,OK,OK,EX,OK,SD
Ñuble,EX,OK,OK,OK,OK,OK,OK,OK,EX,OK,SD,OK,EX,OK,SD
Biobío,EX,OK,OK,OK,OK,OK,OK,OK,OK,EX,OK,OK,EX,OK,OK
La Araucanía,OK,OK,OK,OK,OK,OK,OK,OK,OK,OK,SD,OK,SD,OK,OK
Los Ríos,EX,OK,OK,OK,OK,OK,EX,OK,OK,OK,OK,OK,ER,OK,OK
Los Lagos,OK,OK,OK,OK,OK,OK,OK,OK,OK,OK,SD,OK,OK,OK,OK
Aysén,OK,OK,OK,OK,OK,OK,EX,OK,OK,OK,SD,OK,EX,SD,OK
Magallanes,EX,OK,OK,OK,OK,OK,OK,OK,OK,OK,OK,OK,EX,SD,OK
