codigo,gore,sitio,motor,url_busqueda,url_listado,url_cuenta_publica,url_erd,recorrer_sitemap
AB075,Arica y Parinacota,https://www.gorearicayparinacota.cl,prontus,https://www.gorearicayparinacota.cl/cgi-bin/prontus_search.cgi?search_prontus=goreayp&search_texto={termino}&search_modo=and&search_pag={pagina},,https://www.gorearicayparinacota.cl/goreayp/site/docs/20260309/20260309134718/cuentapublica2025.pdf,https://gorearicayparinacota.cl/index.php/erd/1482-estrategia-regional-de-desarrollo | https://opia.fia.cl/601/articles-123876_archivo_01.pdf,
AB076,Tarapacá,https://www.goretarapaca.gov.cl,wp_api,,,https://www.goretarapaca.gov.cl/wp-content/uploads/2026/05/CUENTA-PUBLICA-GORE-2025-1.pdf,https://www.goretarapaca.gov.cl/wp-content/uploads/2024/04/Documento-ERD-Tarapaca%CC%81-2023_vf.pdf,
AB077,Antofagasta,https://goreantofagasta.cl,prontus,https://goreantofagasta.cl/cgi-bin/prontus_search.cgi?search_prontus=goreantofagasta&search_texto={termino}&search_modo=and&search_pag={pagina},,https://goreantofagasta.cl/goreantofagasta/site/artic/20260204/asocfile/20260204211006/cuenta_publica_2024.pdf,https://goreantofagasta.cl/goreantofagasta/site/artic/20161006/asocfile/20161006170042/estrategia_2009_2020.pdf,si
AB078,Atacama,https://goreatacama.gob.cl,wordpress,,,https://goreatacama.gob.cl/wp-content/uploads/2026_05_28_Cuenta_Publica_2026.pdf | https://goreatacama.gob.cl/cuenta-publica/,https://goreatacama.gob.cl/wp-content/uploads/2024_08_01_ERDA_2024_2034_VERSION_INAL.pdf,
AB079,Coquimbo,https://www.gorecoquimbo.cl,prontus,https://www.gorecoquimbo.cl/cgi-bin/prontus_search.cgi?search_prontus=gore&search_texto={termino}&search_modo=and&search_pag={pagina},,https://www.gorecoquimbo.cl/CP2025/Cuenta_Publica_Gestion_2025.pdf,https://www.gorecoquimbo.cl/gore/site/docs/20251128/20251128143713/libro_erd2030.pdf,si
AB080,Valparaíso,https://www.gobiernovalparaiso.cl,recorrido_ids,,https://www.gobiernovalparaiso.cl/detalleNoticia.php?idNot={id_b64},https://www.gobiernovalparaiso.cl/administracion/archivo/archivoDocumento/2026/documento20260529103401.pdf,https://www.gobiernovalparaiso.cl/administracion/archivo/archivoDocumento/general/ESTRATEGIA_REGIONAL_DE_DESARROLLO_2025_2035.pdf,
AB081,Metropolitana,https://www.gobiernosantiago.cl,wordpress,,,https://gobiernosantiago.cl/wp-content/uploads/2026/05/Cuenta-Pu%CC%81blica-Gobierno-de-Santiago-2026.pdf,https://gobiernosantiago.cl/wp-content/uploads/2026/06/ERD-RM_2035.pdf,
AB082,O'Higgins,https://www.goreohiggins.cl,joomla,https://www.goreohiggins.cl/component/search/?searchword={termino}&searchphrase=exact&limit=200,,https://www.goreohiggins.cl/cuentapublica/CuentaPublica2025_v2.pdf,https://www.goreohiggins.cl/images/diplade/erd/estrategia-regional-desarrollo-2024-2036.pdf | https://www.goreohiggins.cl/docs/diplade/estrategias_regionales.zip,
AB083,Maule,https://www.goremaule.cl/goremauleVII,wordpress,,,https://www.goremaule.cl/goremauleVII/cuentas-publicas/ | https://www.goremaule.cl/goremauleVII/2026/05/11/con-prioridad-en-seguridad-salud-y-agricultura-gobernador-alvarez-salamanca-realiza-impecable-cuenta-publica-en-curico/,https://www.goremaule.cl/goremauleVII/wp-content/uploads/2023/04/Documento-Consolidado-de-la-ERD-Maule-2042.pdf,
AB084,Biobío,https://gorebiobio.cl,wordpress,,,video: la cuenta pública 2025 se publicó solo como video en YouTube (revisado 29-09-2026),https://gorebiobio.cl/wp-content/uploads/2019/01/Estrategia-Regional-de-Desarrollo-2015-2030-aprobada-CORE-19-08-2015.pdf | https://gorebiobio.cl/wp-content/uploads/2024/02/PRESENTACION-AJUSTE-2023-ESTRATEGIA-REGIONAL-DE-DESARROLLO-2015-2030.pdf,si
AB085,La Araucanía,https://gorearaucania.cl,araucania,https://gorearaucania.cl/buscador-del-sitio?query={termino}&page={pagina0},,https://cdnm.heyzine.com/files/uploaded/v2/029daab418e2f1e2737f3c0d1c18edea9316e746.pdf | https://gorearaucania.cl/cuentas-publicas,https://drive.google.com/file/d/1M8MSDkl266PpgDlU2LiIdMtbJCA0IPwJ/view,si
AB086,Los Ríos,https://www.goredelosrios.cl/index.php,wordpress,,,https://www.goredelosrios.cl/wp-content/uploads/2026/06/Discurso-Cuenta-Publica-2025-Gobierno-Regional-de-Los-Rios-1.pdf,https://www.erdlosrios.cl/wp-content/uploads/2024/10/ERD-LosRios-2037_Web.pdf | https://www.erdlosrios.cl/wp-content/uploads/2023/06/ERD-LosRios-2037-FINAL-FINAL3.pdf | https://comunidadcreativalosrios.cultura.gob.cl/wp-content/uploads/2023/04/2023.02.03-erd-documento-de-aprobacion-core-03.02.23-para-distribucion.pdf,
AB087,Los Lagos,https://goreloslagos.cl,recorrido_listado,,https://goreloslagos.cl/prensa-noticias?page={pagina},video: la cuenta pública 2025 se publicó solo como video en YouTube (revisado 29-09-2026),https://goreloslagos.cl/storage/web/pages/documents/01KJ2Y01G6FFAW58G8EJB2WGPG.pdf,
AB088,Aysén,https://www.goreaysen.cl,wordpress,,,https://www.goreaysen.cl/wp-content/uploads/2026/06/CuentaPublica_28_MAYO.pdf,https://www.goreaysen.cl/estrategia-regional-de-desarrollo-aysen/ | https://www.subdere.gov.cl/sites/default/files/documentos/articles-82944_archivo_fuente.pdf | https://www.goreaysen.cl/instrumento-de-planificacion-regional/,
AB089,Magallanes,https://www.goremagallanes.cl,wordpress,,,https://www.goremagallanes.cl/wp-content/uploads/2026/07/Cuenta-2026_219_ENTREGA-GORE_Final.pdf,https://www.goremagallanes.cl/wp-content/uploads/2025/09/Estrategia-Regional-de-Desarrollo-2023-2030.pdf,
AB098,Ñuble,https://goredenuble.cl,wordpress,,,https://goredenuble.cl/wp-content/uploads/2026/05/cuenta-2026-final-22.pdf,https://goredenuble.cl/wp-content/uploads/2024/01/ERD-FINAL.pdf,si
