codigo,gore,documento,nivel,ods_1,ods_2,ods_3,ods_4,ods_5,ods_6,ods_7,ods_8,ods_9,ods_10,ods_11,ods_12,ods_13,ods_14,ods_15,ods_16,ods_17
AB075,Arica y Parinacota,ERD 2017-2030 (sitio web anterior),2,2,2,2,2,2,2,2,2,2,2,2,2,2,2,2,2,2
AB076,Tarapacá,ERD 2023-2033,0,0,0,0,0,0,0,0,0,0,0,0,0,0,0,0,0,0
AB077,Antofagasta,ERD 2009-2020,0,0,0,0,0,0,0,0,0,0,0,0,0,0,0,0,0,0
AB078,Atacama,ERDA 2024-2034,1,0,0,0,0,0,0,0,0,0,0,0,0,0,0,0,0,0
AB079,Coquimbo,ERD 2030 (2025),2,0,2,2,2,0,2,2,2,0,0,2,2,0,0,2,0,0
AB080,Valparaíso,ERD 2025-2035,2,2,2,2,2,2,2,2,2,2,2,2,2,2,2,2,2,2
AB081,Metropolitana,ERD RM 2035,2,0,0,2,2,2,2,2,2,2,2,2,2,2,2,2,2,2
AB082,O'Higgins,ERD (ruta no enlazada),0,0,0,0,0,0,0,0,0,0,0,0,0,0,0,0,0,0
AB083,Maule,ERD Maule 2042 (consolidado),2,0,0,0,1,2,0,0,1,0,1,1,1,0,0,0,0,0
AB098,Ñuble,ERD Ñuble 2030 (ajuste),0,0,0,0,0,0,0,0,0,0,0,0,0,0,0,0,0,0
AB084,Biobío,ERD 2015-2030 + ajuste 2023,0,0,0,0,0,0,0,0,0,0,0,0,0,0,0,0,0,0
AB085,La Araucanía,ERD Araucanía 2040 (2025),2,2,2,2,2,2,2,2,2,2,2,2,2,2,2,2,2,2
AB086,Los Ríos,ERD 2023-2037 (erdlosrios.cl),1,0,0,0,0,0,0,0,0,0,0,0,0,0,0,0,0,0
AB087,Los Lagos,ERD Los Lagos 2030,1,0,0,0,0,0,0,0,0,0,0,0,0,0,0,0,0,0
AB088,Aysén,ERD («Documentación de interés»),0,0,0,0,0,0,0,0,0,0,0,0,0,0,0,0,0,0
AB089,Magallanes,ERD 2023-2030,3,2,2,2,2,2,2,2,2,2,2,2,2,2,2,2,2,2
