codigo,gore,ods,cod1,cod2
AB078,Atacama,1,0,
AB078,Atacama,2,0,
AB078,Atacama,3,0,
AB078,Atacama,4,0,
AB078,Atacama,5,0,
AB078,Atacama,6,0,
AB078,Atacama,7,0,
AB078,Atacama,8,0,
AB078,Atacama,9,0,
AB078,Atacama,10,0,
AB078,Atacama,11,0,
AB078,Atacama,12,0,
AB078,Atacama,13,0,
AB078,Atacama,14,0,
AB078,Atacama,15,0,
AB078,Atacama,16,0,
AB078,Atacama,17,0,
AB079,Coquimbo,1,0,
AB079,Coquimbo,2,2,
AB079,Coquimbo,3,2,
AB079,Coquimbo,4,2,
AB079,Coquimbo,5,0,
AB079,Coquimbo,6,2,
AB079,Coquimbo,7,2,
AB079,Coquimbo,8,2,
AB079,Coquimbo,9,0,
AB079,Coquimbo,10,0,
AB079,Coquimbo,11,2,
AB079,Coquimbo,12,2,
AB079,Coquimbo,13,0,
AB079,Coquimbo,14,0,
AB079,Coquimbo,15,2,
AB079,Coquimbo,16,0,
AB079,Coquimbo,17,0,
AB080,Valparaíso,1,2,
AB080,Valparaíso,2,2,
AB080,Valparaíso,3,2,
AB080,Valparaíso,4,2,
AB080,Valparaíso,5,2,
AB080,Valparaíso,6,2,
AB080,Valparaíso,7,2,
AB080,Valparaíso,8,2,
AB080,Valparaíso,9,2,
AB080,Valparaíso,10,2,
AB080,Valparaíso,11,2,
AB080,Valparaíso,12,2,
AB080,Valparaíso,13,2,
AB080,Valparaíso,14,2,
AB080,Valparaíso,15,2,
AB080,Valparaíso,16,2,
AB080,Valparaíso,17,2,
AB081,Metropolitana,1,0,
AB081,Metropolitana,2,0,
AB081,Metropolitana,3,2,
AB081,Metropolitana,4,2,
AB081,Metropolitana,5,2,
AB081,Metropolitana,6,2,
AB081,Metropolitana,7,2,
AB081,Metropolitana,8,2,
AB081,Metropolitana,9,2,
AB081,Metropolitana,10,2,
AB081,Metropolitana,11,2,
AB081,Metropolitana,12,2,
AB081,Metropolitana,13,2,
AB081,Metropolitana,14,2,
AB081,Metropolitana,15,2,
AB081,Metropolitana,16,2,
AB081,Metropolitana,17,2,
AB083,Maule,1,0,
AB083,Maule,2,0,
AB083,Maule,3,0,
AB083,Maule,4,1,
AB083,Maule,5,2,
AB083,Maule,6,0,
AB083,Maule,7,0,
AB083,Maule,8,1,
AB083,Maule,9,0,
AB083,Maule,10,1,
AB083,Maule,11,1,
AB083,Maule,12,1,
AB083,Maule,13,0,
AB083,Maule,14,0,
AB083,Maule,15,0,
AB083,Maule,16,0,
AB083,Maule,17,0,
AB085,La Araucanía,1,2,
AB085,La Araucanía,2,2,
AB085,La Araucanía,3,2,
AB085,La Araucanía,4,2,
AB085,La Araucanía,5,2,
AB085,La Araucanía,6,2,
AB085,La Araucanía,7,2,
AB085,La Araucanía,8,2,
AB085,La Araucanía,9,2,
AB085,La Araucanía,10,2,
AB085,La Araucanía,11,2,
AB085,La Araucanía,12,2,
AB085,La Araucanía,13,2,
AB085,La Araucanía,14,2,
AB085,La Araucanía,15,2,
AB085,La Araucanía,16,2,
AB085,La Araucanía,17,2,
AB087,Los Lagos,1,0,
AB087,Los Lagos,2,0,
AB087,Los Lagos,3,0,
AB087,Los Lagos,4,0,
AB087,Los Lagos,5,0,
AB087,Los Lagos,6,0,
AB087,Los Lagos,7,0,
AB087,Los Lagos,8,0,
AB087,Los Lagos,9,0,
AB087,Los Lagos,10,0,
AB087,Los Lagos,11,0,
AB087,Los Lagos,12,0,
AB087,Los Lagos,13,0,
AB087,Los Lagos,14,0,
AB087,Los Lagos,15,0,
AB087,Los Lagos,16,0,
AB087,Los Lagos,17,0,
AB089,Magallanes,1,2,
AB089,Magallanes,2,2,
AB089,Magallanes,3,2,
AB089,Magallanes,4,2,
AB089,Magallanes,5,2,
AB089,Magallanes,6,2,
AB089,Magallanes,7,2,
AB089,Magallanes,8,2,
AB089,Magallanes,9,2,
AB089,Magallanes,10,2,
AB089,Magallanes,11,2,
AB089,Magallanes,12,2,
AB089,Magallanes,13,2,
AB089,Magallanes,14,2,
AB089,Magallanes,15,2,
AB089,Magallanes,16,2,
AB089,Magallanes,17,2,
