id,codigo,gore,fuente,fecha_o_pagina,titulo_o_documento,url,terminos,sha256_texto,cod1,cod2,consenso,justificacion
W01,AB076,Tarapacá,Sitio web,2017-05-01,INJUV te invita a participar del programa de voluntariado internacional de la Alianza del Pacífico,https://www.goretarapaca.gov.cl/injuv-te-invita-a-participar-del-programa-de-voluntariado-internacional-de-la-alianza-del-pacifico/,ODS,,Retórica,Retórica,Retórica,Programa del INJUV «en concordancia con el ODS 11»; no es una iniciativa del GORE.
W02,AB077,Antofagasta,Sitio web,2023-02-27,Comisión de Salud y Medioambiente del Consejo Regional ante proyecto minero Comahue,https://goreantofagasta.cl/comision-de-salud-y-medioambiente-del-consejo-regional-ante-proyecto/goreantofagasta/2023-02-27/093403.html,Agenda 2030,,Retórica,Retórica,Retórica,Invoca la Agenda 2030 para justificar el diálogo entre proyectos y comunidades.
W03,AB078,Atacama,Sitio web,2019-08-27,"Balance positivo del primer Festival Urbano de Sostenibilidad, Innovación y Territorio",https://goreatacama.gob.cl/2019/08/27/balance-positivo-del-primer-festival-urbano-de-sostenibilidad-innovacion-y-territorio/,"ODS, Objetivos de Desarrollo Sostenible",,Retórica,Retórica,Retórica,"Festival organizado por Corfo, Minvu y Gedes; menciona que las alianzas contribuyen a los ODS."
W04,AB079,Coquimbo,Sitio web,s/f,Gobernadora realizó cuenta pública sobre Cambio Climático destacando inversión para tomar acciones en esta materia,https://www.gorecoquimbo.cl/noticias/gobernadora-realizo-cuenta-publica-sobre-cambio-climatico-destacando,"ODS, Objetivos de Desarrollo Sostenible",,Retórica,Retórica,Retórica,"Menciona «avanzar hacia el cumplimiento de los ODS» como propósito general, sin metas ni indicadores."
W05,AB079,Coquimbo,Sitio web,s/f,Celebran el Día Mundial del Turismo con un sello inclusivo y sustentable en la Región de Coquimbo,https://www.gorecoquimbo.cl/noticias/celebran-el-dia-mundial-del-turismo-con-un-sello-inclusivo-y-sustentable-en,Objetivos de Desarrollo Sostenible,,Retórica,Retórica,Retórica,Referencia general a la contribución del turismo a los ODS.
W06,AB079,Coquimbo,Sitio web,s/f,"Párvulos de Vicuña se manifiestan en «Yo opino, es mi derecho»",https://www.gorecoquimbo.cl/noticias/parvulos-de-vicuna-se-manifiestan-en-yo-opino-es-mi-derecho,Objetivos de Desarrollo Sostenible,,Retórica,Retórica,Retórica,Programa de participación infantil sobre los 17 ODS (Mideso/PNUD); sin metas del GORE.
W07,AB079,Coquimbo,Sitio web,s/f,"Comienzan debates de niños y adolescentes en tercera versión de «Yo opino, es mi derecho»",https://www.gorecoquimbo.cl/noticias/comienzan-debates-de-ninos-y-adolescentes-en-tercera-version-de-yo-opino,Objetivos de Desarrollo Sostenible,,Retórica,Retórica,Retórica,Idem anterior.
W08,AB080,Valparaíso,Sitio web,2025-11-20,Gobierno Regional aprueba Plan Estratégico para la Gestión Integral de Residuos Sólidos Domiciliarios y Asimilables de la Región de Valparaíso,https://www.gobiernovalparaiso.cl/detalleNoticia.php?idNot=NzAz,Agenda 2030,,Retórica,Retórica,Retórica,El plan se declara «en coherencia» con la Agenda 2030 y la ERD 2025-2035; no vincula metas ni indicadores ODS.
W09,AB080,Valparaíso,Sitio web,2025-11-11,Gobierno Regional de Valparaíso y Cámara Chilena de la Construcción impulsan Consejo Regional de Sostenibilidad e Innovación para la Construcción,https://www.gobiernovalparaiso.cl/detalleNoticia.php?idNot=Njk5,"ODS, Objetivos de Desarrollo Sostenible",,Retórica,Retórica,Retórica,«Reafirma su compromiso con los ODS»; declaración general.
W10,AB080,Valparaíso,Sitio web,2025-04-17,Finaliza agenda de trabajo de la delegación chilena en la ONU relacionada con la postulación de Valparaíso como sede del BBNJ,https://www.gobiernovalparaiso.cl/detalleNoticia.php?idNot=NTk0,Agenda 2030,,Retórica,Retórica,Retórica,Referencia a la Agenda 2030 en actividad internacional.
W11,AB080,Valparaíso,Sitio web,2023-08-02,Gobernador Rodrigo Mundaca asume presidencia interina del Comité de Gestión Reserva de la Biósfera La Campana-Peñuelas,https://www.gobiernovalparaiso.cl/detalleNoticia.php?idNot=MzQ5,Objetivos de Desarrollo Sostenible,,Retórica,Retórica,Retórica,Mención genérica a «la mirada de la sostenibilidad y los ODS».
W12,AB080,Valparaíso,Sitio web,2023-07-24,Gobernador Rodrigo Mundaca visita sitios patrimoniales y se reúne con la comunidad de Rapa Nui,https://www.gobiernovalparaiso.cl/detalleNoticia.php?idNot=MzQy,Objetivos de Desarrollo Sostenible,,Retórica,Retórica,Retórica,"Cita del gobernador que enumera temas, entre ellos «objetivos de desarrollo sostenible»."
W13,AB080,Valparaíso,Sitio web,2023-06-28,Gobernador Rodrigo Mundaca participa en IV Foro Mundial «Ciudades y Territorios de Paz» en Bogotá,https://www.gobiernovalparaiso.cl/detalleNoticia.php?idNot=MzI1,Objetivos de Desarrollo Sostenible,,Retórica,Retórica,Retórica,Participación en foro internacional sobre ODS y justicia ambiental.
W14,AB080,Valparaíso,Sitio web,2023-03-21,Gobernador Rodrigo Mundaca se reúne con Secretario General de Naciones Unidas ad portas de conferencia mundial sobre agua,https://www.gobiernovalparaiso.cl/detalleNoticia.php?idNot=MjY3,"ODS, Objetivos de Desarrollo Sostenible",,Retórica,Retórica,Retórica,"Nombra el ODS 6 en el contexto de una reunión; sin metas ni indicadores regionales. Contiene «Objetivo de Desarrollo Sostenible (ODS) 6» en singular (detectado en la verificación, 24-09-2026)."
W15,AB081,Metropolitana,Sitio web,2022-08-17,Gobernador Claudio Orrego apela a la conciencia ciudadana y a una mejor gobernanza para combatir la crisis hídrica en la RM,https://www.gobiernosantiago.cl/2022/08/17/gobernador-claudio-orrego-apela-a-la-conciencia-ciudadana-y-a-una-mejor-gobernanza-para-combatir-la-crisis-hidrica-en-la-rm/,"ODS, Objetivos de Desarrollo Sostenible, Agenda 2030",,Retórica,Retórica,Retórica,Seminario sobre escasez hídrica «tomando como base» los ODS; sin metas ni indicadores del GORE.
W16,AB081,Metropolitana,Sitio web,2026-09-11,Gobierno de Santiago convoca a expertos nacionales e internacionales para fortalecer la proyección global de la Región Metropolitana,https://www.gobiernosantiago.cl/2026/09/11/gobierno-de-santiago-convoca-a-expertos-nacionales-e-internacionales-para-fortalecer-la-proyeccion-global-de-la-region-metropolitana/,Objetivos de Desarrollo Sostenible,,Retórica,Retórica,Retórica,"Un experto sugiere que Santiago presente avances ODS ante Naciones Unidas (revisión local voluntaria); es una propuesta, no un compromiso con metas o indicadores."
W17,AB083,Maule,Sitio web,2026-05-18,Maule impulsa histórica alianza regional por la sostenibilidad con primera sesión del Consejo Estratégico Regional,https://www.goremaule.cl/goremauleVII/2026/05/18/maule-impulsa-historica-alianza-regional-por-la-sostenibilidad-con-primera-sesion-del-consejo-estrategico-regional/,Objetivos de Desarrollo Sostenible,,Retórica,Retórica,Retórica,"Declara que los ejes estratégicos están «en línea con los ODS», sin metas, indicadores ni presupuesto asociados."
W18,AB083,Maule,Sitio web,2022-04-22,Gobernadora Cristina Bravo inicia ciclo de formación para emprendedores e inversionistas Maule Investments,https://www.goremaule.cl/goremauleVII/2022/04/22/gobernadora-cristina-bravo-inicia-ciclo-de-formacion-para-emprendedores-e-inversionista-maule-investments/,Objetivos de Desarrollo Sostenible,,Retórica,Retórica,Retórica,Menciona inversionistas que contribuyen a los ODS; sin vínculo con metas del GORE.
W19,AB098,Ñuble,Sitio web,2025-03-26,Ñuble avanza en inclusión digital con la primera sesión del Comité Técnico del proyecto Comunidades Conectadas,https://goredenuble.cl/nuble-avanza-en-inclusion-digital-con-la-primera-sesion-del-comite-tecnico-del-proyecto-comunidades-conectadas/,ODS,,Sustantiva,Sustantiva,Sustantiva,"Programa «Comunidades Conectadas» (ONU + GORE Ñuble), financiado por el Fondo Conjunto para los ODS (Joint SDG Fund): iniciativa con financiamiento explícitamente vinculado a los ODS."
W20,AB098,Ñuble,Sitio web,2025-07-03,Gobierno Regional y ONU presentan proyecto de transformación digital a comunas beneficiadas,https://goredenuble.cl/gobierno-regional-y-onu-presentan-proyecto-de-transformacion-digital-a-comunas-beneficiadas/,ODS,,Sustantiva,Sustantiva,Sustantiva,"Programa «Comunidades Conectadas» (ONU + GORE Ñuble), financiado por el Fondo Conjunto para los ODS (Joint SDG Fund): iniciativa con financiamiento explícitamente vinculado a los ODS."
W21,AB098,Ñuble,Sitio web,2025-10-17,Sede Magdalena Alto en Coelemu: inauguran primer punto de conexión comunitaria a internet del proyecto Comunidades Conectadas,https://goredenuble.cl/sede-magdalena-alto-en-coelemu-inauguran-primer-punto-de-conexion-comunitaria-a-internet-del-proyecto-comunidades-conectadas/,ODS,,Sustantiva,Sustantiva,Sustantiva,"Programa «Comunidades Conectadas» (ONU + GORE Ñuble), financiado por el Fondo Conjunto para los ODS (Joint SDG Fund): iniciativa con financiamiento explícitamente vinculado a los ODS."
W22,AB098,Ñuble,Sitio web,2026-04-01,«Ahora podemos saber antes lo que tenemos»: telemedicina ya mejora la vida de vecinos de Capilla Norte en El Carmen,https://goredenuble.cl/ahora-podemos-saber-antes-lo-que-tenemos-telemedicina-ya-mejora-la-vida-de-vecinos-de-capilla-norte-en-el-carmen/,Objetivos de Desarrollo Sostenible,,Sustantiva,Sustantiva,Sustantiva,"Programa «Comunidades Conectadas» (ONU + GORE Ñuble), financiado por el Fondo Conjunto para los ODS (Joint SDG Fund): iniciativa con financiamiento explícitamente vinculado a los ODS."
W23,AB098,Ñuble,Sitio web,2026-05-25,Programa Comunidades Conectadas de ONU y Gobierno Regional habilitan 31 puntos de internet en zonas rurales,https://goredenuble.cl/programa-comunidades-conectadas-de-onu-y-gobierno-regional-habilitan-31-puntos-de-internet-en-zonas-rurales/,Objetivos de Desarrollo Sostenible,,Sustantiva,Sustantiva,Sustantiva,"Programa «Comunidades Conectadas» (ONU + GORE Ñuble), financiado por el Fondo Conjunto para los ODS (Joint SDG Fund): iniciativa con financiamiento explícitamente vinculado a los ODS."
W24,AB098,Ñuble,Sitio web,2026-06-22,31 puntos de conectividad rural en Ñuble: comunidades que antes estaban aisladas hoy se conectan al mundo,https://goredenuble.cl/31-puntos-de-conectividad-rural-en-nuble-comunidades-que-antes-estaban-aisladas-hoy-se-conectan-al-mundo/,Objetivos de Desarrollo Sostenible,,Sustantiva,Sustantiva,Sustantiva,"Programa «Comunidades Conectadas» (ONU + GORE Ñuble), financiado por el Fondo Conjunto para los ODS (Joint SDG Fund): iniciativa con financiamiento explícitamente vinculado a los ODS."
W25,AB084,Biobío,Sitio web,2019-06-19,Autoridades incentivan Catastro Nacional de Voluntariado para medir su impacto,https://gorebiobio.cl/2019/06/19/autoridades-incentivan-catastro-nacional-de-voluntariado-para-medir-su-impacto/,"ODS, Objetivos de Desarrollo Sostenible, Agenda 2030",,Retórica,Retórica,Retórica,"Menciona ODS como contexto de una iniciativa del INJUV; sin metas, indicadores ni presupuesto del GORE."
W26,AB084,Biobío,Sitio web,2021-10-07,Díaz propuso interpelar también al ministro del Interior por los atentados en zona sur del Biobío,https://gorebiobio.cl/2021/10/07/diaz-propuso-interpelar-tambien-al-ministro-del-interior-por-los-atentados-en-zona-sur-del-biobio/,objetivos del desarrollo sostenible,,Retórica,Retórica,Retórica,Referencia discursiva del gobernador a los objetivos del desarrollo sostenible.
W27,AB085,La Araucanía,Sitio web,2025-02-28,Gobierno Regional de La Araucanía y ONU se reúnen para avanzar en la inclusión digital,https://gorearaucania.cl/noticias/2025-02-28/gobierno-regional-de-la-araucania-y-onu-se-reunen-para-avanzar-en-la-inclusion-digital,ODS,,Sustantiva,Sustantiva,Sustantiva,Programa «Comunidades Conectadas» financiado por el Fondo Conjunto de los ODS (Joint SDG Fund).
W28,AB085,La Araucanía,Sitio web,2025-04-04,Gobierno de La Araucanía impulsa primer comité técnico regional Comunidades Conectadas,https://gorearaucania.cl/noticias/2025-04-04/gobierno-de-la-araucania-impulsa-primer-comite-tecnico-regional-comunidades-conectadas,ODS,,Sustantiva,Sustantiva,Sustantiva,"Inversión de US$ 3 millones del Fondo Conjunto de los ODS, con ejes estratégicos definidos."
W29,AB085,La Araucanía,Sitio web,2025-12-05,Gobierno de La Araucanía participa en seminario de cooperativismo en Chile organizado por Naciones Unidas,https://gorearaucania.cl/noticias/2025-12-05/gobierno-de-la-araucania-participa-en-seminario-de-cooperativismo-en-chile-organizado-por-naciones-unidas,"ODS, Objetivos de Desarrollo Sostenible",,Retórica,Retórica,Retórica,Participación en seminario; las cooperativas como actores para avanzar hacia los ODS.
W30,AB086,Los Ríos,Sitio web,2026-06-26,"Región de Los Ríos se incorpora a Regions4 y fortalece su proyección internacional en acción climática, biodiversidad y desarrollo sostenible",https://www.goredelosrios.cl/index.php/region-de-los-rios-se-incorpora-a-regions4-y-fortalece-su-proyeccion-internacional-en-accion-climatica-biodiversidad-y-desarrollo-sostenible/,Agenda 2030,,Retórica,Retórica,Retórica,Describe la red Regions4 y su vínculo con la Agenda 2030; sin metas ni indicadores regionales.
W31,AB088,Aysén,Sitio web,s/f,PARCC Aysén (Plan de Acción Regional de Cambio Climático),https://www.goreaysen.cl/parcc-aysen/,ODS,,Retórica,Sustantiva,Retórica,Solo un enlace al «Portal Objetivo Desarrollo Sostenible (ODS)» en una lista de recursos.
W32,AB089,Magallanes,Sitio web,2025-03-24,Con alta convocatoria de inversionistas nacionales y extranjeros se desarrolló el foro de inversiones en Punta Arenas,https://www.goremagallanes.cl/con-alta-convocatoria-de-inversionistas-nacionales-y-extranjeros-se-desarrollo-el-foro-de-inversiones-en-punta-arenas/,Objetivos de Desarrollo Sostenible,,Retórica,Retórica,Retórica,Menciona los ODS como antecedente general del foro.
D01,AB077,Antofagasta,Cuenta pública,p. 46,Cuenta Pública Gobierno Regional 2024 (publicada 04-02-2026),https://goreantofagasta.cl/goreantofagasta/site/artic/20260204/asocfile/20260204211006/cuenta_publica_2024.pdf,,,Retórica,Retórica,Retórica,Minería más sustentable «en línea con los Objetivos de Desarrollo Sostenible de las Naciones Unidas».
D02,AB078,Atacama,ERD,p. 20,ERDA 2024-2034,https://www.goreatacama.gob.cl (2024_08_01_ERDA_2024_2034_VERSION_INAL.pdf),,,Retórica,Retórica,Retórica,«Estos lineamientos son consistentes con los ODS de la Agenda 2030»
D03,AB079,Coquimbo,ERD,p. 33,"Estrategia Regional de Desarrollo 2030 (libro, nov. 2025)",https://www.gorecoquimbo.cl/gore/site/docs/20251128/20251128143713/libro_erd2030.pdf,,,Sustantiva,Sustantiva,Sustantiva,Cada desafío regional se relaciona con «los Objetivos de Desarrollo Sostenible de la Agenda 2030» (Figura 8).
D04,AB079,Coquimbo,ERD,p. 37,"Estrategia Regional de Desarrollo 2030 (libro, nov. 2025)",https://www.gorecoquimbo.cl/gore/site/docs/20251128/20251128143713/libro_erd2030.pdf,,,Sustantiva,Sustantiva,Sustantiva,«Este planteamiento se relaciona con cuatro ODS: (3)… (4)… (6)… (7)»
D05,AB079,Coquimbo,ERD,p. 42,"Estrategia Regional de Desarrollo 2030 (libro, nov. 2025)",https://www.gorecoquimbo.cl/gore/site/docs/20251128/20251128143713/libro_erd2030.pdf,,,Sustantiva,Sustantiva,Sustantiva,Vivienda vinculada al ODS 11 y a su primera meta (acceso a vivienda).
D06,AB080,Valparaíso,ERD,p. 81,Estrategia Regional de Desarrollo 2025-2035,https://www.gobiernovalparaiso.cl/administracion/archivo/archivoDocumento/general/ESTRATEGIA_REGIONAL_DE_DESARROLLO_2025_2035.pdf,,,Sustantiva,Sustantiva,Sustantiva,La matriz estratégica se alinea con «los objetivos del desarrollo sostenible de la agenda 2030».
D07,AB080,Valparaíso,ERD,p. 88,Estrategia Regional de Desarrollo 2025-2035,https://www.gobiernovalparaiso.cl/administracion/archivo/archivoDocumento/general/ESTRATEGIA_REGIONAL_DE_DESARROLLO_2025_2035.pdf,,,Sustantiva,Sustantiva,Sustantiva,"«las líneas de acción de este eje… contribuyen al logro de los siguientes Objetivos de Desarrollo Sostenible: … (ODS 01)… (ODS 10)»; patrón repetido por eje (pp. 92, 96, 104, 108)."
D08,AB081,Metropolitana,ERD,p. 56,ERD RM 2035,https://gobiernosantiago.cl/wp-content/uploads/2026/06/ERD-RM_2035.pdf,,,Sustantiva,Sustantiva,Sustantiva,"Figura 17: matriz que vincula los lineamientos L1–L7 de la ERD RM 2035 con ODS específicos (p. ej., L7 Gobernanza multinivel ↔ ODS 16)."
D09,AB081,Metropolitana,ERD,p. 57,ERD RM 2035,https://gobiernosantiago.cl/wp-content/uploads/2026/06/ERD-RM_2035.pdf,,,Sustantiva,Sustantiva,Sustantiva,«los siete lineamientos estratégicos comprometen al menos un ODS»
D10,AB083,Maule,ERD,p. 9,ERD Maule 2042 – Documento Consolidado (13-04-2023),https://www.goremaule.cl/goremauleVII/wp-content/uploads/2023/04/Documento-Consolidado-de-la-ERD-Maule-2042.pdf,,,Sustantiva,Sustantiva,Sustantiva,«Si bien los ODS son el marco a partir del cual se estructura la Estrategia Regional de Desarrollo Maule 2042…»
D11,AB083,Maule,ERD,p. 13,ERD Maule 2042 – Documento Consolidado (13-04-2023),https://www.goremaule.cl/goremauleVII/wp-content/uploads/2023/04/Documento-Consolidado-de-la-ERD-Maule-2042.pdf,,,Sustantiva,Sustantiva,Sustantiva,"Cada lineamiento, objetivo y acción establece su «alineamiento con los Objetivos de Desarrollo Sostenible y las metas de la Agenda 2030»."
D12,AB083,Maule,ERD,p. 61,ERD Maule 2042 – Documento Consolidado (13-04-2023),https://www.goremaule.cl/goremauleVII/wp-content/uploads/2023/04/Documento-Consolidado-de-la-ERD-Maule-2042.pdf,,,Retórica,Sustantiva,Retórica,Sección 3.2 «La importancia de los valores de la ONU y la Agenda 2030»; ilustración de los 17 ODS.
D13,AB085,La Araucanía,ERD,p. 8,Estrategia Regional de Desarrollo Araucanía 2040 (ERD 2025-2040),https://drive.google.com/file/d/1M8MSDkl266PpgDlU2LiIdMtbJCA0IPwJ/view,"ODS, Objetivos de Desarrollo Sostenible",,Retórica,Retórica,Retórica,"Alineación con compromisos «nacionales y globales, tales como los Objetivos de Desarrollo Sostenible (ODS)»."
D14,AB085,La Araucanía,ERD,p. 120,Estrategia Regional de Desarrollo Araucanía 2040 (ERD 2025-2040),https://drive.google.com/file/d/1M8MSDkl266PpgDlU2LiIdMtbJCA0IPwJ/view,"ODS, Objetivos de Desarrollo Sostenible",,Sustantiva,Sustantiva,Sustantiva,"Figura 44: vincula cada uno de los 17 ODS con un Lineamiento Estratégico Regional (LER 1–6); ODS 16 ↔ LER 4 «Institucionalidad, gobernanza y participación»."
D15,AB087,Los Lagos,ERD,p. 70,Estrategia Regional de Desarrollo Los Lagos 2030,https://goreloslagos.cl/storage/web/pages/documents/01KJ2Y01G6FFAW58G8EJB2WGPG.pdf,"ODS, Objetivos de Desarrollo Sostenible",,Retórica,Sustantiva,Retórica,Los temas de la ERD «se relacionan con macro objetivos de escala global […] tales como los ODS»; sin vinculación por objetivo ni indicadores.
D16,AB089,Magallanes,ERD,p. 35,Estrategia Regional de Desarrollo 2023-2030 (aprobada por el CORE el 16-05-2023),https://www.goremagallanes.cl/wp-content/uploads/2025/09/Estrategia-Regional-de-Desarrollo-2023-2030.pdf,"ODS, Objetivos de Desarrollo Sostenible",,Sustantiva,Sustantiva,Sustantiva,La ERD asume la Agenda 2030 como marco transversal y declara que «cada objetivo de la ERD se relaciona con uno o más de los 17 ODS».
