codigo,gore,fuente,documento,url,sha256,paginas,caracteres,n_ODS,n_Objetivos de Desarrollo Sostenible,n_Agenda 2030,n_ODS 16,cod1,cod2,consenso,nota
AB075,Arica y Parinacota,Cuenta pública,Documento técnico Cuenta Pública GORE Arica y Parinacota 2025-2026,https://www.gorearicayparinacota.cl/goreayp/site/docs/20260309/20260309134718/cuentapublica2025.pdf,,91.0,253722.0,0.0,0.0,0.0,0.0,Sin mención,,Sin mención,
AB075,Arica y Parinacota,ERD,ERD Arica y Parinacota 2017-2030 (sitio web anterior del GORE),,,,,,,,,Sustantiva,,Sustantiva,"Búsqueda dirigida 28-09: solo en el sitio web anterior del GORE. p. 165: «se seleccionó un grupo de metas de los ODS que poseen indicadores»; metas del ODS 16 (16.1-16.6, 16.9, 16.b). Conteos por término pendientes."
AB076,Tarapacá,Cuenta pública,Cuenta Pública GORE 2025 («#GobernandoDesdeLosTerritorios»),https://www.goretarapaca.gov.cl/wp-content/uploads/2026/05/CUENTA-PUBLICA-GORE-2025-1.pdf,,145.0,150316.0,0.0,0.0,0.0,0.0,Sin mención,,Sin mención,
AB076,Tarapacá,ERD,"Actualización de la Estrategia Regional de Desarrollo, Región de Tarapacá 2023-2033 (documento final)",https://www.goretarapaca.gov.cl/wp-content/uploads/2024/04/Documento-ERD-Tarapaca%CC%81-2023_vf.pdf,,98.0,183204.0,0.0,0.0,0.0,0.0,Sin mención,,Sin mención,
AB077,Antofagasta,Cuenta pública,Cuenta Pública Gobierno Regional 2024 (publicada 04-02-2026),https://goreantofagasta.cl/goreantofagasta/site/artic/20260204/asocfile/20260204211006/cuenta_publica_2024.pdf,,62.0,26034.0,0.0,1.0,0.0,0.0,Retórica,,Retórica,No hay cuenta pública más reciente publicada.
AB077,Antofagasta,ERD,Estrategia Regional de Desarrollo 2009-2020 (única publicada),https://goreantofagasta.cl/goreantofagasta/site/artic/20161006/asocfile/20161006170042/estrategia_2009_2020.pdf,,120.0,121931.0,0.0,0.0,0.0,0.0,Sin mención,,Sin mención,"ERD vencida, anterior a la Agenda 2030 (2015)."
AB078,Atacama,Cuenta pública,Cuenta Pública 2026,https://www.goreatacama.gob.cl (2026_05_28_Cuenta_Publica_2026.pdf),,99.0,262736.0,0.0,0.0,0.0,0.0,Sin mención,,Sin mención,0 menciones de términos núcleo.
AB078,Atacama,ERD,ERDA 2024-2034,https://www.goreatacama.gob.cl (2024_08_01_ERDA_2024_2034_VERSION_INAL.pdf),,91.0,256230.0,1.0,1.0,1.0,0.0,Retórica,,Retórica,"Declaración general de consistencia, sin vincular metas ni indicadores."
AB079,Coquimbo,Cuenta pública,Cuenta Pública Gestión 2025,https://www.gorecoquimbo.cl/CP2025/Cuenta_Publica_Gestion_2025.pdf,,39.0,20344.0,0.0,0.0,0.0,0.0,Sin mención,,Sin mención,Formato presentación (≈520 caracteres/página).
AB079,Coquimbo,ERD,"Estrategia Regional de Desarrollo 2030 (libro, nov. 2025)",https://www.gorecoquimbo.cl/gore/site/docs/20251128/20251128143713/libro_erd2030.pdf,,168.0,264030.0,14.0,5.0,4.0,0.0,Sustantiva,,Sustantiva,Vinculación desafío/lineamiento–ODS con referencia a metas.
AB080,Valparaíso,Cuenta pública,Cuenta Pública 2026 ante el Consejo Regional,https://www.gobiernovalparaiso.cl/administracion/archivo/archivoDocumento/2026/documento20260529103401.pdf,,49.0,24408.0,0.0,0.0,0.0,0.0,Sin mención,,Sin mención,Formato presentación.
AB080,Valparaíso,ERD,Estrategia Regional de Desarrollo 2025-2035,https://www.gobiernovalparaiso.cl/administracion/archivo/archivoDocumento/general/ESTRATEGIA_REGIONAL_DE_DESARROLLO_2025_2035.pdf,,148.0,237359.0,14.0,7.0,2.0,1.0,Sustantiva,,Sustantiva,Cada eje declara los ODS a los que contribuye.
AB081,Metropolitana,Cuenta pública,Cuenta Pública Gobierno de Santiago 2026,https://gobiernosantiago.cl/wp-content/uploads/2026/05/Cuenta-Pu%CC%81blica-Gobierno-de-Santiago-2026.pdf,,45.0,127239.0,0.0,0.0,0.0,0.0,Sin mención,,Sin mención,0 menciones núcleo. Sitio bloquea pdf.js (CSP); PDF transferido completo y verificado por tamaño (1.349.203 bytes).
AB081,Metropolitana,ERD,ERD RM 2035,https://gobiernosantiago.cl/wp-content/uploads/2026/06/ERD-RM_2035.pdf,,79.0,260567.0,12.0,2.0,0.0,1.0,Sustantiva,,Sustantiva,Vinculación explícita lineamiento–ODS (incluye ODS 16); sin metas ni indicadores ODS.
AB082,O'Higgins,Cuenta pública,"Cuenta Pública Gobierno Regional de O'Higgins, enero a diciembre 2025",https://www.goreohiggins.cl/cuentapublica/CuentaPublica2025_v2.pdf,,63.0,174496.0,0.0,0.0,0.0,0.0,Sin mención,,Sin mención,
AB082,O'Higgins,ERD,ERD O'Higgins (ruta no enlazada desde la página de la ERD),https://www.goreohiggins.cl/docs/diplade/estrategias_regionales.zip,,,,,,,,Sin mención,,Sin mención,Búsqueda dirigida 28-09: la página de la ERD solo ofrecía un .zip; el PDF estaba en una ruta no enlazada. Conteos por término pendientes.
AB083,Maule,Cuenta pública,Cuenta Pública 2025,"https://www.goremaule.cl (Cuenta Pública 2025, PDF)",,90.0,209349.0,0.0,0.0,0.0,0.0,Sin mención,,Sin mención,0 menciones de términos núcleo.
AB083,Maule,ERD,ERD Maule 2042 – Documento Consolidado (13-04-2023),https://www.goremaule.cl/goremauleVII/wp-content/uploads/2023/04/Documento-Consolidado-de-la-ERD-Maule-2042.pdf,,186.0,617891.0,22.0,13.0,34.0,0.0,Sustantiva,,Sustantiva,"La ERD declara los ODS como marco estructurante y alinea lineamientos/objetivos/acciones con ODS y metas. El PDF principal (Estrategia-Regional-de-Desarrollo-Maule-2042-1-1.pdf, 281 pp) es escaneado (0 caracteres); se usó el Documento Consolidado. Informe Ejecutivo (97 pp): ODS 4, ODSos 7, Agenda 2030 10."
AB098,Ñuble,Cuenta pública,Cuenta Pública 2026 («Cambiamos la vida de las personas»),https://goredenuble.cl/wp-content/uploads/2026/05/cuenta-2026-final-22.pdf,,68.0,64851.0,0.0,0.0,0.0,0.0,Sin mención,,Sin mención,
AB098,Ñuble,ERD,"Estrategia Regional de Desarrollo de Ñuble 2030 (documento de ajuste, 24 pp.)",https://goredenuble.cl/wp-content/uploads/2024/01/ERD-FINAL.pdf,,24.0,22578.0,0.0,0.0,0.0,0.0,Sin mención,,Sin mención,
AB084,Biobío,Cuenta pública,Cuenta Pública Biobío 2026 (presentación enlazada desde un banner),https://gorebiobio.cl/sesionescore/sesion-extraordinaria-no-4-2026-cuenta-publica-gobernador-regional/,,,,,,,,No disponible,,No disponible,Revisión 29-09: la cuenta pública 2025 se publicó solo en video (YouTube); se excluye como documento.
AB084,Biobío,ERD,ERD Biobío 2015-2030,"https://www.gorebiobio.cl (ERD 2015-2030, PDF)",,31.0,39350.0,0.0,0.0,0.0,0.0,Sin mención,,Sin mención,Sin menciones de ningún término.
AB084,Biobío,ERD,"Ajuste ERD Región del Biobío (junio 2023, presentación)","https://www.gorebiobio.cl (Ajuste ERD, PDF)",,13.0,14438.0,0.0,0.0,0.0,0.0,Sin mención,,Sin mención,0 menciones núcleo.
AB085,La Araucanía,Cuenta pública,Cuenta Pública 2025 del Gobierno Regional de La Araucanía (visor Heyzine en gorearaucania.cl/cuentas-publicas),https://gorearaucania.cl/cuentas-publicas,b9716f5383df1eca19c32e85894ce258c5b8c95ea2f329bb1529e09b0ac423be,70.0,95923.0,0.0,0.0,0.0,0.0,Sin mención,,Sin mención,"Corrección 07-10-2026: la cuenta pública 2025 estaba publicada como documento en un visor embebido (Heyzine) en gorearaucania.cl/cuentas-publicas, no solo en video. PDF original obtenido desde el visor; sin términos ODS núcleo."
AB085,La Araucanía,ERD,Estrategia Regional de Desarrollo Araucanía 2040 (ERD 2025-2040),https://drive.google.com/file/d/1M8MSDkl266PpgDlU2LiIdMtbJCA0IPwJ/view,,218.0,358550.0,3.0,1.0,0.0,0.0,Sustantiva,,Sustantiva,"PDF alojado en Google Drive, descargado por la cod. 2 (24-09-2026). Vinculación ODS–lineamientos en la Figura 44 (p. 120)."
AB086,Los Ríos,Cuenta pública,Discurso Cuenta Pública 2025,https://www.goredelosrios.cl/wp-content/uploads/2026/06/Discurso-Cuenta-Publica-2025-Gobierno-Regional-de-Los-Rios-1.pdf,,31.0,70435.0,0.0,0.0,0.0,0.0,Sin mención,,Sin mención,
AB086,Los Ríos,ERD,ERD Los Ríos 2023-2037 (sitio propio erdlosrios.cl),https://www.goredelosrios.cl,,,,,,,,Retórica,,Retórica,Búsqueda dirigida 28-09. p. 84: los ODS solo aparecen dentro de una cita de la UNESCO (declarativa). Conteos por término pendientes.
AB087,Los Lagos,Cuenta pública,No localizada: la sección «Documentos de gestión» (89 PDF revisados) no contiene la cuenta pública,,,,,,,,,No disponible,,No disponible,Revisión 29-09: la cuenta pública 2025 se publicó solo en video (YouTube).
AB087,Los Lagos,ERD,Estrategia Regional de Desarrollo Los Lagos 2030,https://goreloslagos.cl/storage/web/pages/documents/01KJ2Y01G6FFAW58G8EJB2WGPG.pdf,,186.0,247802.0,1.0,1.0,0.0,0.0,Retórica,,Retórica,
AB088,Aysén,Cuenta pública,Cuenta Pública 28 de mayo 2026,https://www.goreaysen.cl/wp-content/uploads/2026/06/CuentaPublica_28_MAYO.pdf,,66.0,8724.0,0.0,0.0,0.0,0.0,Sin mención,,Sin mención,Presentación fotográfica (66 láminas con títulos). Revisada con OCR (tesseract) el 24-09-2026: sin términos ODS ni de contexto.
AB088,Aysén,ERD,"ERD Aysén («Documentación de interés», nombre de archivo poco identificable)",https://www.goreaysen.cl/documentacion-de-interes/,,,,,,,,Sin mención,,Sin mención,Búsqueda dirigida 28-09. Conteos por término pendientes.
AB089,Magallanes,Cuenta pública,Cuenta Pública 2026 (gestión 2025),https://www.goremagallanes.cl/wp-content/uploads/2026/07/Cuenta-2026_219_ENTREGA-GORE_Final.pdf,,148.0,31775.0,0.0,0.0,0.0,0.0,Sin mención,,Sin mención,"Documento mayoritariamente en imágenes; revisado con OCR (tesseract, 148 pp., 24-09-2026): sin términos ODS núcleo (1 «desarrollo sostenible», 1 «sostenibilidad»)."
AB089,Magallanes,ERD,Estrategia Regional de Desarrollo 2023-2030 (aprobada por el CORE el 16-05-2023),https://www.goremagallanes.cl/wp-content/uploads/2025/09/Estrategia-Regional-de-Desarrollo-2023-2030.pdf,,90.0,353425.0,2.0,1.0,0.0,0.0,Sustantiva,,Sustantiva,"Revisión 25-09-2026 (versión de alta resolución, 49 MB, mismo texto): 58 tablas de indicadores con columna «ODS» en versalitas (el texto extraído dice «ods»); por la regla de mayúsculas esos encabezados no se cuentan como mención. Los 17 ODS aparecen asignados a indicadores; ODS 16 en 4."
