codigo,gore,web_retoricas,web_sustantivas,cuenta_publica,erd_clasificacion,erd_documento,erd_nivel
AB075,Arica y Parinacota,0,0,Sin mención,Sustantiva,ERD 2017-2030 (sitio web anterior),2
AB076,Tarapacá,1,0,Sin mención,Sin mención,ERD 2023-2033,0
AB077,Antofagasta,1,0,Retórica,Sin mención,ERD 2009-2020,0
AB078,Atacama,1,0,Sin mención,Retórica,ERDA 2024-2034,1
AB079,Coquimbo,4,0,Sin mención,Sustantiva,ERD 2030 (2025),2
AB080,Valparaíso,7,0,Sin mención,Sustantiva,ERD 2025-2035,2
AB081,Metropolitana,2,0,Sin mención,Sustantiva,ERD RM 2035,2
AB082,O'Higgins,0,0,Sin mención,Sin mención,ERD (ruta no enlazada),0
AB083,Maule,2,0,Sin mención,Sustantiva,ERD Maule 2042 (consolidado),2
AB084,Biobío,2,0,No disponible,Sin mención,ERD 2015-2030 + ajuste 2023,0
AB085,La Araucanía,1,2,Sin mención,Sustantiva,ERD Araucanía 2040 (2025),2
AB086,Los Ríos,1,0,Sin mención,Retórica,ERD 2023-2037 (erdlosrios.cl),1
AB087,Los Lagos,0,0,No disponible,Retórica,ERD Los Lagos 2030,1
AB088,Aysén,1,0,Sin mención,Sin mención,ERD («Documentación de interés»),0
AB089,Magallanes,1,0,Sin mención,Sustantiva,ERD 2023-2030,3
AB098,Ñuble,0,6,Sin mención,Sin mención,ERD Ñuble 2030 (ajuste),0
